2018-04-20 00:00:00,MFON,270473642,487,487,495,492
2018-04-19 00:00:00,MFON,1025029727,483,480.2,499.4,490
2018-04-18 00:00:00,MFON,1088883834,460.9,459.2,488.9,483.2
2018-04-17 00:00:00,MFON,662945242,445.3,442.6,463,460
2018-04-16 00:00:00,MFON,965778865,440,437.9,454.6,440.9
2018-04-13 00:00:00,MFON,526412095,446.9,437.7,447.7,443
2018-04-12 00:00:00,MFON,788403408,464.7,438.5,464.7,445.8
2018-04-11 00:00:00,MFON,797530261,457.1,450.1,470.6,456.2
2018-04-10 00:00:00,MFON,1654310201,480,435,484.3,459
2018-04-09 00:00:00,MFON,1058531994,530.5,437.5,532.6,481
2018-04-06 00:00:00,MFON,99637825,540,532.4,540,533.1
2018-04-05 00:00:00,MFON,136817203,541.1,537.7,544,539.9
2018-04-04 00:00:00,MFON,197853355,536.6,536.1,543.7,540
2018-04-03 00:00:00,MFON,112308017,539.9,536.2,542,537.1
2018-04-02 00:00:00,MFON,208899336,540,535,546.9,540.1
2018-03-30 00:00:00,MFON,213197398,536.2,536.2,545.4,540.2
2018-03-29 00:00:00,MFON,398159484,521.2,520.6,538,538
2018-03-28 00:00:00,MFON,337387392,517,510,523,523
2018-03-27 00:00:00,MFON,207162980,511,504.1,519.5,519.5
2018-03-26 00:00:00,MFON,283995650,512.7,504,514,510
2018-03-23 00:00:00,MFON,146969470,517,510.9,519.5,512.4
2018-03-22 00:00:00,MFON,486954663,521.1,517.4,524.5,517.4
2018-03-21 00:00:00,MFON,465930487,515,512.3,522.2,520
2018-03-20 00:00:00,MFON,227347313,517.7,511.8,519.5,512.5
2018-03-19 00:00:00,MFON,371983400,517.1,515.8,523.4,519
2018-03-16 00:00:00,MFON,1026633417,524.8,510.4,529.5,510.4
2018-03-15 00:00:00,MFON,2114526531,572,506.1,572,524.9
2018-03-14 00:00:00,MFON,549229011,574.4,567,581.3,577
2018-03-13 00:00:00,MFON,513799673,575.1,570.1,583,571.2
2018-03-12 00:00:00,MFON,1298419476,598.1,561.1,600.5,573.4
2018-03-09 00:00:00,MFON,167178896,589.8,586,598.4,598.4
2018-03-07 00:00:00,MFON,652480755,582.8,574.3,590.7,590.7
2018-03-06 00:00:00,MFON,591167776,572,571.6,583.9,583
2018-03-05 00:00:00,MFON,349456797,568,566.5,578.3,574.8
2018-03-02 00:00:00,MFON,242723927,569,555.1,569,568.8
2018-03-01 00:00:00,MFON,377477413,560,555,570,568.1
2018-02-28 00:00:00,MFON,353721462,553.4,549.1,564.4,564.4
2018-02-27 00:00:00,MFON,180600937,555.4,550.4,560,550.4
2018-02-26 00:00:00,MFON,122408626,560,550,565,552.9
2018-02-22 00:00:00,MFON,269186641,564,545.4,566.6,553
2018-02-21 00:00:00,MFON,446188640,553,552.1,572.4,563.9
2018-02-20 00:00:00,MFON,373140271,545.8,542.2,564.8,554
2018-02-19 00:00:00,MFON,200232602,534.9,531.5,546.8,542.6
2018-02-16 00:00:00,MFON,148046882,524.8,524.8,535,533
2018-02-15 00:00:00,MFON,79430768,527,522.3,528.8,525
2018-02-14 00:00:00,MFON,166129782,524,522,530.9,526
2018-02-13 00:00:00,MFON,140380757,524,517.2,526,524
2018-02-12 00:00:00,MFON,76243313,520,512.9,524,524
2018-02-09 00:00:00,MFON,136982523,515.1,508.6,518,515.6
2018-02-08 00:00:00,MFON,182637411,519,516,522,519.5
2018-02-07 00:00:00,MFON,164243350,512.7,510,521.4,520
2018-02-06 00:00:00,MFON,227844433,511.2,506.9,514.9,509
2018-02-05 00:00:00,MFON,190578668,523.9,511.5,523.9,514.5
2018-02-02 00:00:00,MFON,75875802,530.4,522.2,532.5,524.1
2018-02-01 00:00:00,MFON,203080257,532.6,528,534.2,532.5
2018-01-31 00:00:00,MFON,380435025,516,514.6,531.9,531.4
2018-01-30 00:00:00,MFON,195895440,515.9,512,520.5,516
2018-01-29 00:00:00,MFON,93057733,511.8,510.6,515.5,514.2
2018-01-26 00:00:00,MFON,186408622,514.7,511,515,512
2018-01-25 00:00:00,MFON,389593380,514.2,511,515.1,513.3
2018-01-24 00:00:00,MFON,455829528,515.3,513.1,516,515
2018-01-23 00:00:00,MFON,153562225,517,514,517.5,514.6
2018-01-22 00:00:00,MFON,162573636,520,515.1,521.3,516.1
2018-01-19 00:00:00,MFON,248400676,520.9,517.6,524,518.5
2018-01-18 00:00:00,MFON,83956819,516.8,516.8,521,521
2018-01-17 00:00:00,MFON,264975319,523.5,513.8,525.9,516.8
2018-01-16 00:00:00,MFON,116610947,526.2,523.3,528.3,525.9
2018-01-15 00:00:00,MFON,215413646,527,526.1,539.5,526.3
2018-01-12 00:00:00,MFON,182494836,530.8,525.2,530.9,527
2018-01-11 00:00:00,MFON,214930971,524.9,522.2,531,530.9
2018-01-10 00:00:00,MFON,130274085,523.7,522,531,523
2018-01-09 00:00:00,MFON,149637610,522.1,522.1,529.4,523.6
2018-01-05 00:00:00,MFON,102580885,522.9,520.6,529.2,523.1
2018-01-04 00:00:00,MFON,256218836,512.4,512.4,533.2,521.1
2018-01-03 00:00:00,MFON,78203871,512.9,512.4,517.3,512.4
2017-12-29 00:00:00,MFON,84632781,514.1,509.1,514.4,512.9
2017-12-28 00:00:00,MFON,84704950,513,510.8,515.5,513
2017-12-27 00:00:00,MFON,152218311,521,514,522.5,514
2017-12-26 00:00:00,MFON,62157971,521.5,518.1,522.8,519.7
2017-12-25 00:00:00,MFON,19727532,525.5,520.9,529.7,520.9
2017-12-22 00:00:00,MFON,77341235,518.2,518.1,527,526.5
2017-12-21 00:00:00,MFON,161622465,523.6,518,527.8,520.3
2017-12-20 00:00:00,MFON,109821030,523.5,523.5,526.3,524
2017-12-19 00:00:00,MFON,87917373,524,522.3,529,524.9
2017-12-18 00:00:00,MFON,200316899,523,523,529.9,524.9
2017-12-15 00:00:00,MFON,78968559,517.1,516.9,524,524
2017-12-14 00:00:00,MFON,81709358,518.2,514.4,520.7,517
2017-12-13 00:00:00,MFON,157523352,520.2,512.3,525.9,517.6
2017-12-12 00:00:00,MFON,185592066,521,520.8,526,521.6
2017-12-11 00:00:00,MFON,86879595,521,518.7,527,520.5
2017-12-08 00:00:00,MFON,189095009,531.5,521.7,533.6,522.5
2017-12-07 00:00:00,MFON,147067135,528.4,521.5,528.4,525.4
2017-12-06 00:00:00,MFON,219356560,521.9,516.8,531.7,528.4
2017-12-05 00:00:00,MFON,697900376,534.4,518,534.4,520
2017-12-04 00:00:00,MFON,427007667,537.5,532.1,543.4,533
2017-12-01 00:00:00,MFON,281794769,548.1,539.3,551.9,542.1
2017-11-30 00:00:00,MFON,510006802,541,526.6,550,550
2017-11-29 00:00:00,MFON,446319617,552.5,537.9,554.6,542.2
2017-11-28 00:00:00,MFON,358334433,552.5,552.2,556.5,553
2017-11-27 00:00:00,MFON,242814206,553,551.5,557,554.1
2017-11-24 00:00:00,MFON,168700032,555.3,551.2,559.6,553.2
2017-11-23 00:00:00,MFON,62267941,554,553,558.5,557.5
2017-11-22 00:00:00,MFON,338262162,554.5,549.2,556.5,556.5
2017-11-21 00:00:00,MFON,203681101,556,553.1,556.5,555.9
2017-11-20 00:00:00,MFON,89721415,552.7,550,556.9,553.9
2017-11-17 00:00:00,MFON,99347772,549.5,545.9,554.4,552.7
2017-11-16 00:00:00,MFON,283519414,546.4,540.5,550.5,549.3
2017-11-15 00:00:00,MFON,319402709,551,544.3,554.8,545.1
2017-11-14 00:00:00,MFON,909959947,562,553,564,554.9
2017-11-13 00:00:00,MFON,334283261,576,568.1,580,572
2017-11-10 00:00:00,MFON,262604412,584.7,575.5,585,576
2017-11-09 00:00:00,MFON,207342618,585,580.2,586.9,583.9
2017-11-08 00:00:00,MFON,237338035,589.2,582.1,591.5,582.1
2017-11-07 00:00:00,MFON,276895041,583.7,583.7,592.5,588.5
2017-11-03 00:00:00,MFON,144961163,582.5,580.9,587.9,587.8
2017-11-02 00:00:00,MFON,248663790,590,580.4,593.9,580.4
2017-11-01 00:00:00,MFON,501713632,583.9,579.8,592,589
2017-10-31 00:00:00,MFON,1410708236,543.8,543,587.6,580
2017-10-30 00:00:00,MFON,451663771,568.1,561.7,573.7,570.9
2017-10-27 00:00:00,MFON,883770296,565.1,558.7,573.1,569.2
2017-10-26 00:00:00,MFON,1327240543,588.9,552.3,592.8,566.3
2017-10-25 00:00:00,MFON,309403419,587.7,587.7,594.5,591
2017-10-24 00:00:00,MFON,149616960,583.2,582.4,588.9,588.8
2017-10-23 00:00:00,MFON,314782219,584.1,582.2,589.2,584.3
2017-10-20 00:00:00,MFON,353128811,583.5,580.1,584.8,584.6
2017-10-19 00:00:00,MFON,344869877,588.1,581.4,589.1,583.5
2017-10-18 00:00:00,MFON,244638778,590.3,582.4,591.5,588.6
2017-10-17 00:00:00,MFON,335888780,588.1,588.1,591.7,590.6
2017-10-16 00:00:00,MFON,146940556,588.9,588.2,591.9,589
2017-10-13 00:00:00,MFON,157523153,592.5,587.7,593.1,588.2
2017-10-12 00:00:00,MFON,327811781,589.9,586.1,592.6,592
2017-10-11 00:00:00,MFON,383558409,590,588.8,594,589.4
2017-10-10 00:00:00,MFON,332512484,595.8,588.1,595.8,589.5
2017-10-09 00:00:00,MFON,409019102,595,594,602.3,594.8
2017-10-06 00:00:00,MFON,591801075,598,594,600.8,594.4
2017-10-05 00:00:00,MFON,1104517678,596.6,593,605,596.4
2017-10-04 00:00:00,MFON,851180270,591,591,598.4,593.9
2017-10-03 00:00:00,MFON,6075703171,596,590,610.8,590
2017-10-02 00:00:00,MFON,245949361,660,636.6,663,639
2017-09-29 00:00:00,MFON,419044624,629.9,625.7,656,656
2017-09-28 00:00:00,MFON,268977592,601.9,601.1,631.5,629.7
2017-09-27 00:00:00,MFON,497116062,604.9,599.2,607,605.7
2017-09-26 00:00:00,MFON,151294616,591.6,586.2,606,605
2017-09-25 00:00:00,MFON,81744756,592.2,585.5,596.9,588.1
2017-09-22 00:00:00,MFON,212844550,604,584.5,604,592
2017-09-21 00:00:00,MFON,72563501,607.6,601.5,608.7,604
2017-09-20 00:00:00,MFON,123228308,604,597,607.1,606
2017-09-19 00:00:00,MFON,31449924,598.2,596.2,604,604
2017-09-18 00:00:00,MFON,135999962,603.5,599.5,606.9,600.7
2017-09-15 00:00:00,MFON,219961043,592.9,587.9,604.2,595
2017-09-14 00:00:00,MFON,133538209,590,584,594.4,587.8
2017-09-13 00:00:00,MFON,81486839,592.7,587.2,594.3,591.9
2017-09-12 00:00:00,MFON,93815613,575.2,575.2,592,592
2017-09-11 00:00:00,MFON,69763624,578,574.9,584,580.9
2017-09-08 00:00:00,MFON,47333886,580,574.3,584.6,577.7
2017-09-07 00:00:00,MFON,75735709,578,577.7,584.8,582.9
2017-09-06 00:00:00,MFON,222894033,573.7,567.2,581.4,579.9
2017-09-05 00:00:00,MFON,162900135,573.7,571.6,579.8,578.3
2017-09-04 00:00:00,MFON,121559910,568.7,564.6,574.6,571.4
2017-09-01 00:00:00,MFON,182875489,566,564.3,576,570.7
2017-08-31 00:00:00,MFON,182544900,557.5,553.7,567.4,567
2017-08-30 00:00:00,MFON,131150226,555,550,561.8,557.5
2017-08-29 00:00:00,MFON,110535419,545.5,541.1,554.9,553.5
2017-08-28 00:00:00,MFON,50830502,544,542,545.7,545.5
2017-08-25 00:00:00,MFON,633223140,558.7,540.3,558.7,544.5
2017-08-24 00:00:00,MFON,278313180,560.9,556.5,561.8,558
2017-08-23 00:00:00,MFON,112940328,564.4,556.4,567.7,560
2017-08-22 00:00:00,MFON,82164506,560.2,559.6,566.6,564
2017-08-21 00:00:00,MFON,59990074,557,555.1,564.2,562.4
2017-08-18 00:00:00,MFON,77899768,560,555.4,561.1,556.5
2017-08-17 00:00:00,MFON,149012604,567.1,549.4,569.7,561.1
2017-08-16 00:00:00,MFON,41201139,573.2,570.5,578.8,570.5
2017-08-15 00:00:00,MFON,65657409,573.4,573.4,578.9,578.2
2017-08-14 00:00:00,MFON,109470123,578.6,571.2,582.8,576.4
2017-08-11 00:00:00,MFON,89646648,580,570,583.5,578.2
2017-08-10 00:00:00,MFON,234153190,582.9,579.2,584.2,583
2017-08-09 00:00:00,MFON,238954957,583.7,579.4,586.6,582.9
2017-08-08 00:00:00,MFON,68003217,571,571,584.9,584
2017-08-07 00:00:00,MFON,35628189,572.7,572.5,580,577.8
2017-08-04 00:00:00,MFON,53524861,565.5,562.3,573.8,572.7
2017-08-03 00:00:00,MFON,150320599,566.2,564.1,572.1,565.8
2017-08-02 00:00:00,MFON,310453023,565.6,563,569.5,569.4
2017-08-01 00:00:00,MFON,144623297,568.2,565,569.4,565.1
2017-07-31 00:00:00,MFON,49247649,564.4,558.5,569.7,567.9
2017-07-28 00:00:00,MFON,99382428,567.9,560.7,570.3,564.4
2017-07-27 00:00:00,MFON,62791874,562.4,559.8,568.5,568
2017-07-26 00:00:00,MFON,76299977,562,556.2,563.5,560.1
2017-07-25 00:00:00,MFON,156177833,554.2,554.2,563,561.5
2017-07-24 00:00:00,MFON,121595052,545.7,545.7,559.7,554.5
2017-07-21 00:00:00,MFON,74382616,559.8,550.2,567.3,552.1
2017-07-20 00:00:00,MFON,67139190,557.5,555,563.4,557
2017-07-19 00:00:00,MFON,56320989,556,554.5,561,559.4
2017-07-18 00:00:00,MFON,64467112,556.2,554.3,561,555.9
2017-07-17 00:00:00,MFON,120143353,555.6,548,557.6,557.3
2017-07-14 00:00:00,MFON,51874776,555.5,551.2,558.5,554.5
2017-07-13 00:00:00,MFON,65876379,555.5,551.3,562.7,557.3
2017-07-12 00:00:00,MFON,95631591,550.8,550.1,560.8,553.7
2017-07-11 00:00:00,MFON,68532196,548,545,549.2,548.8
2017-07-10 00:00:00,MFON,140797854,539.2,537.4,547.4,546.3
2017-07-07 00:00:00,MFON,155072790,572,563.5,572,567
2017-07-06 00:00:00,MFON,82764292,570,565.9,573.9,570
2017-07-05 00:00:00,MFON,146023064,560,558,572.9,570.1
2017-07-04 00:00:00,MFON,164989511,543,542.9,559,557.5
2017-07-03 00:00:00,MFON,63319619,538.9,535,542.2,540.2
2017-06-30 00:00:00,MFON,158202499,543.3,532.6,544.5,538
2017-06-29 00:00:00,MFON,49802923,551,540.1,551.5,540.6
2017-06-28 00:00:00,MFON,86617674,538.5,535,549.8,545.9
2017-06-27 00:00:00,MFON,77861676,539.1,534,540.4,538.5
2017-06-26 00:00:00,MFON,43169353,544.3,536.3,545.8,537.1
2017-06-23 00:00:00,MFON,52406063,540.8,539,546.7,542.4
2017-06-22 00:00:00,MFON,52147574,538.4,532,543,540.8
2017-06-21 00:00:00,MFON,161758362,537.9,532,545,538.5
2017-06-20 00:00:00,MFON,151666684,545,538.8,550.7,541.5
2017-06-19 00:00:00,MFON,86320326,540,539.3,552,550.2
2017-06-16 00:00:00,MFON,181911506,556.9,537,560.3,537
2017-06-15 00:00:00,MFON,385517260,550.1,542.6,558.1,557.1
2017-06-14 00:00:00,MFON,433814851,581,551.2,584.7,551.2
2017-06-13 00:00:00,MFON,162368748,588.8,581.8,598.9,587.2
2017-06-09 00:00:00,MFON,21397338,585.8,582.6,590,585.4
2017-06-08 00:00:00,MFON,35704615,582.6,580.5,586.2,585.8
2017-06-07 00:00:00,MFON,52500976,585.2,582.1,589.8,582.1
2017-06-06 00:00:00,MFON,26032616,586,583.6,588.6,584.4
2017-06-05 00:00:00,MFON,41489997,589.5,582,591.5,585
2017-06-02 00:00:00,MFON,118998205,588.9,579.6,590.6,589.3
2017-06-01 00:00:00,MFON,99448457,597,589.1,597.2,589.1
2017-05-31 00:00:00,MFON,175373075,600.5,593.2,602.3,597
2017-05-30 00:00:00,MFON,162449918,594,593,602,599.5
2017-05-29 00:00:00,MFON,19975082,600.2,595.1,603.1,595.5
2017-05-26 00:00:00,MFON,166598399,605,592.9,605,601
2017-05-25 00:00:00,MFON,258567383,612,600.3,626.3,605
2017-05-24 00:00:00,MFON,122896163,609.7,600,610.4,608.1
2017-05-23 00:00:00,MFON,70780419,602.5,602,609,609
2017-05-22 00:00:00,MFON,71230303,604.3,598,604.6,601.8
2017-05-19 00:00:00,MFON,85252087,600.3,600,606.6,604.6
2017-05-18 00:00:00,MFON,87176757,604.5,599.4,607.9,600.5
2017-05-17 00:00:00,MFON,76020678,603.8,600.4,608.9,602.7
2017-05-16 00:00:00,MFON,256080872,600.8,597.9,612,599.3
2017-05-15 00:00:00,MFON,102874824,599.5,596.4,604,601.3
2017-05-12 00:00:00,MFON,51033523,602.8,595.2,603.2,597.8
2017-05-11 00:00:00,MFON,78815101,603.5,597,604,600
2017-05-10 00:00:00,MFON,58484264,600.1,598,603.8,603.5
2017-05-05 00:00:00,MFON,86548936,598,592.3,602,597.3
2017-05-04 00:00:00,MFON,196807781,603,598.9,612.8,600
2017-05-03 00:00:00,MFON,220893227,610,595.4,616,603.1
2017-05-02 00:00:00,MFON,126204517,600,598.6,615,610
2017-04-28 00:00:00,MFON,79135115,596.7,595.9,606.1,598.8
2017-04-27 00:00:00,MFON,94639803,605,593,605,596.1
2017-04-26 00:00:00,MFON,110383827,603.8,599.5,606.1,606
2017-04-25 00:00:00,MFON,97079222,599,593,603.1,600.6
2017-04-24 00:00:00,MFON,105098713,585.4,585.3,597,596.9
2017-04-21 00:00:00,MFON,66398872,579.5,577,587.9,583.4
2017-04-20 00:00:00,MFON,166202080,578.6,568.1,581,576
2017-04-19 00:00:00,MFON,133144470,594.3,580.7,598.1,583.6
2017-04-18 00:00:00,MFON,250708367,598.7,585.3,606.3,594.3
2017-04-17 00:00:00,MFON,41590076,595.9,591.6,598.4,598.4
2017-04-14 00:00:00,MFON,31962264,595.7,590.8,601.3,592.1
2017-04-13 00:00:00,MFON,134589550,607.3,589,607.3,593.7
2017-04-12 00:00:00,MFON,86151366,613.6,603.2,620.8,603.4
2017-04-11 00:00:00,MFON,40009413,615,610.2,618.8,612.5
2017-04-10 00:00:00,MFON,83566416,630,613.3,630,614.2
2017-04-07 00:00:00,MFON,113545929,640.2,625.5,642.4,632.7
2017-04-06 00:00:00,MFON,173966355,640,636.3,643.7,640.2
2017-04-05 00:00:00,MFON,249405200,642,632.4,645,636.2
2017-04-04 00:00:00,MFON,248377428,641,635.6,642,638.7
2017-04-03 00:00:00,MFON,78840541,640.7,636,642,640.6
2017-03-31 00:00:00,MFON,172932695,630.9,625.2,642.9,639
2017-03-30 00:00:00,MFON,133223769,628.1,617.9,630.7,630.5
2017-03-29 00:00:00,MFON,141780122,619.9,617,628.8,627
2017-03-28 00:00:00,MFON,87855679,608.5,608.5,620.3,619.9
2017-03-27 00:00:00,MFON,63478999,613,599.9,613,608.4
2017-03-24 00:00:00,MFON,51377388,617.6,609,619.4,615
2017-03-23 00:00:00,MFON,75330789,626.2,615,634.3,618.8
2017-03-22 00:00:00,MFON,68901834,615,610.3,625.5,625.4
2017-03-21 00:00:00,MFON,108351429,613.6,613.1,624.3,615.4
2017-03-20 00:00:00,MFON,209559285,617.3,611.2,623.7,613.1
2017-03-17 00:00:00,MFON,219759125,600,596,621.4,612.7
2017-03-16 00:00:00,MFON,165894874,616,591.5,618,599
2017-03-15 00:00:00,MFON,71549763,617.5,608,621.7,610.7
2017-03-14 00:00:00,MFON,199802724,620,610,621.8,617.1
2017-03-13 00:00:00,MFON,119208809,606,595,622.6,616.3
2017-03-10 00:00:00,MFON,126054368,613.6,602,615.6,602
2017-03-09 00:00:00,MFON,190137589,623.7,612.2,634.5,613.6
2017-03-07 00:00:00,MFON,189799929,653,624,659.1,628.7
2017-03-06 00:00:00,MFON,223178802,659,647.5,669.9,652.8
2017-03-03 00:00:00,MFON,101251103,656.2,650,659.9,659.9
2017-03-02 00:00:00,MFON,148650964,671.1,658,674.3,658.1
2017-03-01 00:00:00,MFON,325243819,650.5,648.2,674,673.4
2017-02-28 00:00:00,MFON,253239382,659,635.5,660.1,650.5
2017-02-27 00:00:00,MFON,287935477,674,655.1,676.9,660.5
2017-02-24 00:00:00,MFON,355989444,646.1,646.1,675,673.5
2017-02-22 00:00:00,MFON,258944685,634.2,632.5,648.9,645.6
2017-02-21 00:00:00,MFON,69093654,634.1,632.6,639,635.1
2017-02-20 00:00:00,MFON,172076412,636.5,625.8,637,636
2017-02-17 00:00:00,MFON,64865064,635.3,630,639.5,633.5
2017-02-16 00:00:00,MFON,76571238,640,635,642.9,635.5
2017-02-15 00:00:00,MFON,152332280,624,623.1,641.3,640
2017-02-14 00:00:00,MFON,122097614,630.6,619,635.2,631.4
2017-02-13 00:00:00,MFON,59654327,637.4,630.1,640,632.9
2017-02-10 00:00:00,MFON,52701479,636.5,633.5,638.8,635.6
2017-02-09 00:00:00,MFON,87285998,638.8,628,639.4,635
2017-02-08 00:00:00,MFON,104822551,639,635,644.2,636
2017-02-07 00:00:00,MFON,219861325,635.8,631.2,642.4,640
2017-02-06 00:00:00,MFON,107916552,628.6,621.8,633,630.9
2017-02-03 00:00:00,MFON,57772703,624.5,624,630.2,625.9
2017-02-02 00:00:00,MFON,104664051,636.4,624,638,624.5
2017-02-01 00:00:00,MFON,48629496,633,632.8,639,634.7
2017-01-31 00:00:00,MFON,60144463,638,631.6,638.8,632.8
2017-01-30 00:00:00,MFON,95576563,638.9,633.2,643,638.4
2017-01-27 00:00:00,MFON,81598367,639,632.4,642.6,638.9
2017-01-26 00:00:00,MFON,167505289,621,620.9,641.9,634.4
2017-01-25 00:00:00,MFON,173600457,632.1,620,640,621
2017-01-24 00:00:00,MFON,70879147,627.5,626.5,634.1,631.5
2017-01-23 00:00:00,MFON,255105093,643,625,646.2,627.5
2017-01-20 00:00:00,MFON,303720565,639,632.2,646,641.1
2017-01-19 00:00:00,MFON,170513436,611.4,611.4,628.2,626.1
2017-01-18 00:00:00,MFON,36164395,611.5,608.3,614,611
2017-01-17 00:00:00,MFON,66792915,610.7,603.8,613.7,611.6
2017-01-16 00:00:00,MFON,104089606,611.7,608.1,614.4,612.8
2017-01-13 00:00:00,MFON,143685300,608.1,606,613,612
2017-01-12 00:00:00,MFON,145710496,613.7,608,614.8,608.9
2017-01-11 00:00:00,MFON,215407600,604.5,601,612.6,607.7
2017-01-10 00:00:00,MFON,143948954,592.6,588.6,606.9,605.5
2017-01-09 00:00:00,MFON,64646572,591.3,585,594.2,591.3
2017-01-06 00:00:00,MFON,50538369,593.8,589,597.2,590.2
2017-01-05 00:00:00,MFON,122547619,588.4,586.8,596.4,593.8
2017-01-04 00:00:00,MFON,69503419,587.7,583,591.9,588.1
2017-01-03 00:00:00,MFON,102503364,583,580,588.4,585.6
2016-12-30 00:00:00,MFON,127049434,579,573.4,583.3,579.6
2016-12-29 00:00:00,MFON,116187708,567,566.4,580.9,579
2016-12-28 00:00:00,MFON,107471866,570.9,565,573.9,565.9
2016-12-27 00:00:00,MFON,76867672,579,571,581.6,571.1
2016-12-26 00:00:00,MFON,93356940,569,565.2,583,579
2016-12-23 00:00:00,MFON,567328860,569.3,540.5,585.7,581.4
2016-12-22 00:00:00,MFON,206049240,570.7,565.2,576.3,569.3
2016-12-21 00:00:00,MFON,203013675,583.3,570.6,583.4,570.6
2016-12-20 00:00:00,MFON,166262805,591,583,591.6,583.5
2016-12-19 00:00:00,MFON,312242892,598.5,588.8,598.6,590.5
2016-12-16 00:00:00,MFON,458912081,608.9,605,616,616
2016-12-15 00:00:00,MFON,313000186,605,595.4,609.5,608.9
2016-12-14 00:00:00,MFON,231401458,610,598.9,614.8,603.9
2016-12-13 00:00:00,MFON,359172033,606,602,616.8,609.9
2016-12-12 00:00:00,MFON,341148000,596,589.1,605,605
2016-12-09 00:00:00,MFON,164041790,597.9,592.7,599.9,593.9
2016-12-08 00:00:00,MFON,203544306,596.5,595,602.9,595.6
2016-12-07 00:00:00,MFON,184197403,600.1,592.1,604.4,597
2016-12-06 00:00:00,MFON,368976521,604,592,605.7,601.8
2016-12-05 00:00:00,MFON,269635330,600,598.8,608,603
2016-12-02 00:00:00,MFON,335314838,589,585.7,604.6,599.5
2016-12-01 00:00:00,MFON,506474997,569,569,588.9,586.8
2016-11-30 00:00:00,MFON,425015725,562.9,556,580,567
2016-11-29 00:00:00,MFON,308690118,542.5,539,562.4,561
2016-11-28 00:00:00,MFON,147020781,548.1,541.1,550.8,542
2016-11-25 00:00:00,MFON,88472730,550,546.7,552.9,548.7
2016-11-24 00:00:00,MFON,126471498,548,545.1,555.4,551.5
2016-11-23 00:00:00,MFON,214512798,545,538.1,553,547.5
2016-11-22 00:00:00,MFON,296501517,533,528,546,540.7
2016-11-21 00:00:00,MFON,276263335,540,530,542.4,530.2
2016-11-18 00:00:00,MFON,301828239,550,538.5,559,539.5
2016-11-17 00:00:00,MFON,173492088,557,549.9,559.7,550.7
2016-11-16 00:00:00,MFON,423034401,564.8,551,566.4,556.6
2016-11-15 00:00:00,MFON,375949392,570,561,572,562.7
2016-11-14 00:00:00,MFON,119652322,578,572.7,585,573
2016-11-11 00:00:00,MFON,199941366,586.9,579,589.5,580.8
2016-11-10 00:00:00,MFON,174070970,592,585.5,596.3,587.5
2016-11-09 00:00:00,MFON,114554606,585,582.1,593.3,592.5
2016-11-08 00:00:00,MFON,84557173,594.5,585.2,596.3,588.1
2016-11-07 00:00:00,MFON,147857904,600,587.7,604.8,593.2
2016-11-03 00:00:00,MFON,92829848,601.5,599.5,607.9,605
2016-11-02 00:00:00,MFON,190392986,602.5,596,610,602.2
2016-11-01 00:00:00,MFON,223944200,605,590.1,610,606.2
2016-10-31 00:00:00,MFON,327483280,584.5,583,605.5,602
2016-10-28 00:00:00,MFON,304834920,567,564,584.5,583
2016-10-27 00:00:00,MFON,670609635,565,563,578.5,565
2016-10-26 00:00:00,MFON,261907510,559,556,571,564
2016-10-25 00:00:00,MFON,180367485,568,559.5,571,560.5
2016-10-24 00:00:00,MFON,421319640,576.5,565,583,568
2016-10-21 00:00:00,MFON,221139185,581,570.5,583,576.5
2016-10-20 00:00:00,MFON,263759140,594.5,573,594.5,581
2016-10-19 00:00:00,MFON,234663055,606,590,609,593
2016-10-18 00:00:00,MFON,98227065,612,603,618,607
2016-10-17 00:00:00,MFON,56735275,604.5,602.5,612,611
2016-10-14 00:00:00,MFON,177146270,612.5,603,613,604
2016-10-13 00:00:00,MFON,85144660,610,607.5,619,611.5
2016-10-12 00:00:00,MFON,46756905,613.5,604,614,610.5
2016-10-11 00:00:00,MFON,94893380,611.5,608,616.5,611
2016-10-10 00:00:00,MFON,135287415,593,592,612,608
2016-10-07 00:00:00,MFON,54728050,593.5,590.5,597,592
2016-10-06 00:00:00,MFON,45990140,590,590,597,593.5
2016-10-05 00:00:00,MFON,184068415,602,590,602.5,592
2016-10-04 00:00:00,MFON,143765320,601,600,612,602
2016-10-03 00:00:00,MFON,165771725,609,601,609,601.5
2016-09-30 00:00:00,MFON,147829945,611.5,606,615,609
2016-09-29 00:00:00,MFON,67262260,624,610.5,627.5,616
2016-09-28 00:00:00,MFON,54121670,624.5,614.5,624.5,621
2016-09-27 00:00:00,MFON,113300235,628,614,628,618
2016-09-26 00:00:00,MFON,139909690,621,615,626.5,625
2016-09-23 00:00:00,MFON,162489825,635,622,635,622.5
2016-09-22 00:00:00,MFON,239111335,647,632,647.5,635.5
2016-09-21 00:00:00,MFON,188307335,652,642.5,655,645.5
2016-09-20 00:00:00,MFON,188579405,659.5,641.5,660,654.5
2016-09-19 00:00:00,MFON,46336400,656.5,654,660,657.5
2016-09-16 00:00:00,MFON,317308330,647,642.5,668,656.5
2016-09-15 00:00:00,MFON,93096890,651.5,640.5,654.5,645
2016-09-14 00:00:00,MFON,49442750,652,645,654.5,651
2016-09-13 00:00:00,MFON,300724790,657,613,658,648.5
2016-09-12 00:00:00,MFON,335991030,670,649.5,674,655.5
2016-09-09 00:00:00,MFON,86708155,681,669.5,682.5,673
2016-09-08 00:00:00,MFON,100050290,682.5,679,687,681.5
2016-09-07 00:00:00,MFON,203676890,669.5,668,685,682
2016-09-06 00:00:00,MFON,98093420,671,660,671,664
2016-09-05 00:00:00,MFON,25273975,671,669,673.5,669.5
2016-09-02 00:00:00,MFON,40873155,670,667.5,674,669.5
2016-09-01 00:00:00,MFON,28067455,668,665.5,671,667.5
2016-08-31 00:00:00,MFON,37406120,672,667,676.5,669.5
2016-08-30 00:00:00,MFON,70075330,675,670,679,671.5
2016-08-29 00:00:00,MFON,29395890,667,660,675,675
2016-08-26 00:00:00,MFON,29754085,667,664,670,666
2016-08-25 00:00:00,MFON,20047610,671.5,667,672.5,667.5
2016-08-24 00:00:00,MFON,55341605,670.5,669,672.5,670.5
2016-08-23 00:00:00,MFON,29558315,669,667.5,672,671.5
2016-08-22 00:00:00,MFON,86808015,673,664,673,669
2016-08-19 00:00:00,MFON,18351400,674,670.5,678,673
2016-08-18 00:00:00,MFON,37186250,679,672.5,680,674
2016-08-17 00:00:00,MFON,52940175,679,677,683,678
2016-08-16 00:00:00,MFON,33658450,684.5,678,684.5,678
2016-08-15 00:00:00,MFON,27464155,688,683,690,683
2016-08-12 00:00:00,MFON,221782655,678,676,701,685
2016-08-11 00:00:00,MFON,47287250,678,671.5,679.5,674.5
2016-08-10 00:00:00,MFON,45996315,678,676,681,677
2016-08-09 00:00:00,MFON,46470860,679,675.5,684,678
2016-08-08 00:00:00,MFON,81100745,679.5,676,685.5,680.5
2016-08-05 00:00:00,MFON,154629620,670.5,664.5,679.5,678
2016-08-04 00:00:00,MFON,54202570,665,661,670,670
2016-08-03 00:00:00,MFON,78289955,658.5,649,665,664
2016-08-02 00:00:00,MFON,149737140,664.5,645.5,664.5,660
2016-08-01 00:00:00,MFON,180209290,672,655.5,672,660
2016-07-29 00:00:00,MFON,197215515,682,665,683.5,670
2016-07-28 00:00:00,MFON,127421985,686,679,694,684
2016-07-27 00:00:00,MFON,240413725,696,679,697.5,692
2016-07-26 00:00:00,MFON,136772965,693,691,702,698.5
2016-07-25 00:00:00,MFON,46295255,691,688.5,695,692
2016-07-22 00:00:00,MFON,24087495,688,688,692,689.5
2016-07-21 00:00:00,MFON,57729705,684,683,689,688
2016-07-20 00:00:00,MFON,161352985,674.5,671,688.5,683
2016-07-19 00:00:00,MFON,57037280,670.5,668,676.5,670.5
2016-07-18 00:00:00,MFON,59842340,670,669.5,677.5,672
2016-07-15 00:00:00,MFON,103590185,670,668,678,672
2016-07-14 00:00:00,MFON,133745370,673,665,678.5,667.5
2016-07-13 00:00:00,MFON,72049660,671.5,667,677.5,673
2016-07-12 00:00:00,MFON,98864995,674,668,680,668
2016-07-11 00:00:00,MFON,128024595,662,661.5,674.5,674
2016-07-08 00:00:00,MFON,336659245,659,648,669,660
2016-07-07 00:00:00,MFON,405773200,709.5,696,714.5,702
2016-07-06 00:00:00,MFON,118262040,705,703,712,708
2016-07-05 00:00:00,MFON,120469785,701,690,709,705
2016-07-04 00:00:00,MFON,112671360,690,690,702,700
2016-07-01 00:00:00,MFON,166605305,670.5,668,690.5,688.5
2016-06-30 00:00:00,MFON,92766175,668,662.5,672.5,670.5
2016-06-29 00:00:00,MFON,113439850,665,660,674.5,667
2016-06-28 00:00:00,MFON,139869580,662,654.5,668,665.5
2016-06-27 00:00:00,MFON,233526655,680,659.5,680.5,662
2016-06-24 00:00:00,MFON,778990315,704,663.5,710,676.5
2016-06-23 00:00:00,MFON,40677270,710,707.5,714.5,714
2016-06-22 00:00:00,MFON,72963655,725,710,727,712
2016-06-21 00:00:00,MFON,40015665,729,716,729,724
2016-06-20 00:00:00,MFON,134498370,739,715.5,739,726.5
2016-06-17 00:00:00,MFON,218163175,709,703.5,747,747
2016-06-16 00:00:00,MFON,158643335,716,698.5,719,705
2016-06-15 00:00:00,MFON,87828150,724,716.5,724.5,718.5
2016-06-14 00:00:00,MFON,109032965,740,723.5,740,725
2016-06-10 00:00:00,MFON,47348795,740.5,736,745.5,742
2016-06-09 00:00:00,MFON,67903255,749.5,739,752.5,740.5
2016-06-08 00:00:00,MFON,75549635,750,747.5,755,750
2016-06-07 00:00:00,MFON,114511335,748.5,745.5,752.5,750
2016-06-06 00:00:00,MFON,82627590,747.5,738,750,747.5
2016-06-03 00:00:00,MFON,72898460,750,743,752,746
2016-06-02 00:00:00,MFON,100036325,748,742.5,750.5,750
2016-06-01 00:00:00,MFON,108136030,745.5,744,753.5,747.5
2016-05-31 00:00:00,MFON,59811160,749,743.5,750,747
2016-05-30 00:00:00,MFON,43976310,748,742,752.5,747.5
2016-05-27 00:00:00,MFON,99876390,747.5,741.5,752,745.5
2016-05-26 00:00:00,MFON,63004020,754,745,757.5,748.5
2016-05-25 00:00:00,MFON,151714890,738.5,738.5,754.5,753.5
2016-05-24 00:00:00,MFON,74654365,739.5,736,743.5,741.5
2016-05-23 00:00:00,MFON,85707050,739,735,744,738
2016-05-20 00:00:00,MFON,110957885,732,728,740,736
2016-05-19 00:00:00,MFON,49634765,729,724,733,729.5
2016-05-18 00:00:00,MFON,41632565,726,724.5,733,727
2016-05-17 00:00:00,MFON,88696615,735,722,735,726
2016-05-16 00:00:00,MFON,117665035,741,728.5,744,732
2016-05-13 00:00:00,MFON,90223600,745,735.5,745.5,742
2016-05-12 00:00:00,MFON,59839925,742.5,732.5,743.5,735
2016-05-11 00:00:00,MFON,93049710,739,735,746,744.5
2016-05-10 00:00:00,MFON,72590360,727,726,740.5,738.5
2016-05-06 00:00:00,MFON,75936750,739,728,741,730.5
2016-05-05 00:00:00,MFON,98731765,736,732,742,739.5
2016-05-04 00:00:00,MFON,89610560,738.5,730.5,744.5,736
2016-04-29 00:00:00,MFON,162023770,743,735,744,740
2016-04-28 00:00:00,MFON,480377380,728,726,746,740
2016-04-27 00:00:00,MFON,137819710,722,708,724,714
2016-04-26 00:00:00,MFON,102018480,717,715,725,719
2016-04-25 00:00:00,MFON,145372110,717,714,729,718
2016-04-22 00:00:00,MFON,337508400,703,700,725,718
2016-04-21 00:00:00,MFON,164513110,706,699,708,703
2016-04-20 00:00:00,MFON,86470430,712,701,712,705
2016-04-19 00:00:00,MFON,100567420,713,706,716,712
2016-04-18 00:00:00,MFON,128384980,705,702,720,711
2016-04-15 00:00:00,MFON,100386930,715,706,715,712
2016-04-14 00:00:00,MFON,361996150,704,704,724,713
2016-04-13 00:00:00,MFON,190268260,703,697,706,704
2016-04-12 00:00:00,MFON,218170550,706,698,710,699
2016-04-11 00:00:00,MFON,287769170,689,688,705,703
2016-04-08 00:00:00,MFON,328490640,689,682,703,688
2016-04-07 00:00:00,MFON,396358670,699,675,703,688
2016-04-06 00:00:00,MFON,210333010,711,694,711,699
2016-04-05 00:00:00,MFON,765108380,730,691,732,706
2016-04-04 00:00:00,MFON,167792900,749,729,754,731
2016-04-01 00:00:00,MFON,108138220,748,740,749,747
2016-03-31 00:00:00,MFON,481948020,767,740,773,750
2016-03-30 00:00:00,MFON,287172330,777,759,779,769
2016-03-29 00:00:00,MFON,162313640,786,766,791,775
2016-03-28 00:00:00,MFON,65182740,790,782,794,786
2016-03-25 00:00:00,MFON,105984390,796,778,802,792
2016-03-24 00:00:00,MFON,211628180,781,777,796,796
2016-03-23 00:00:00,MFON,124427380,780,774,784,779
2016-03-22 00:00:00,MFON,461000090,784,771,798,778
2016-03-21 00:00:00,MFON,315760760,800,781,801,784
2016-03-18 00:00:00,MFON,515999470,814,790,818,800
2016-03-17 00:00:00,MFON,1039268230,847,785,853,809
2016-03-16 00:00:00,MFON,77750480,843,838,850,843
2016-03-15 00:00:00,MFON,237354850,858,835,860,842
2016-03-14 00:00:00,MFON,108667790,870,851,870,855
2016-03-11 00:00:00,MFON,27375710,877,868,882,869
2016-03-10 00:00:00,MFON,58819140,868,867,880,880
2016-03-09 00:00:00,MFON,38411720,866,862,876,867
2016-03-07 00:00:00,MFON,78894520,869,863,879,866
2016-03-04 00:00:00,MFON,103185250,880,858,886,863
2016-03-03 00:00:00,MFON,26168270,880,876,885,882
2016-03-02 00:00:00,MFON,21372000,885,874,887,879
2016-03-01 00:00:00,MFON,48612210,870,870,886,884
2016-02-29 00:00:00,MFON,16221800,865,862,875,871
2016-02-26 00:00:00,MFON,66822610,862,855,876,870
2016-02-25 00:00:00,MFON,55462810,862,851,867,857
2016-02-24 00:00:00,MFON,70174420,864,850,868,863
2016-02-22 00:00:00,MFON,15514090,863,859,874,865
2016-02-20 00:00:00,MFON,2745040,865,860,867,861
2016-02-19 00:00:00,MFON,30308640,865,857,871,865
2016-02-18 00:00:00,MFON,34317740,874,865,876,868
2016-02-17 00:00:00,MFON,30731210,879,865,879,874
2016-02-16 00:00:00,MFON,64590140,869,854,878,876
2016-02-15 00:00:00,MFON,47226460,839,835,865,861
2016-02-12 00:00:00,MFON,78094730,829,812,842,836
2016-02-11 00:00:00,MFON,71532340,856,818,856,824
2016-02-10 00:00:00,MFON,39634670,859,845,865,862
2016-02-09 00:00:00,MFON,25874970,870,858,875,860
2016-02-08 00:00:00,MFON,56590110,875,860,878,870
2016-02-05 00:00:00,MFON,52918170,860,855,879,864
2016-02-04 00:00:00,MFON,77450980,875,856,885,859
2016-02-03 00:00:00,MFON,55868920,881,863,881,868
2016-02-02 00:00:00,MFON,127736710,865,862,889,880
2016-02-01 00:00:00,MFON,50497730,883,863,883,869
2016-01-29 00:00:00,MFON,122432140,889,855,894,866
2016-01-28 00:00:00,MFON,156546180,876,868,903,880
2016-01-27 00:00:00,MFON,358361250,836,832,885,880
2016-01-26 00:00:00,MFON,255122090,795,795,838,836
2016-01-25 00:00:00,MFON,152491270,809,794,816,813
2016-01-22 00:00:00,MFON,562173640,805,778,811,798
2016-01-21 00:00:00,MFON,321185260,789,786,809,798
2016-01-20 00:00:00,MFON,83990880,795,777,798,789
2016-01-19 00:00:00,MFON,127379080,776,776,810,800
2016-01-18 00:00:00,MFON,42695200,765,757,788,784
2016-01-15 00:00:00,MFON,106362320,808,765,811,771
2016-01-14 00:00:00,MFON,61521410,816,801,820,807
2016-01-13 00:00:00,MFON,29433590,826,817,829,822
2016-01-12 00:00:00,MFON,79414300,825,805,826,819
2016-01-11 00:00:00,MFON,58690000,852,825,858,825
2016-01-06 00:00:00,MFON,45053560,843,839,864,862
2016-01-05 00:00:00,MFON,13817170,837,832,846,841
2016-01-04 00:00:00,MFON,25051730,851,834,859,835
2015-12-30 00:00:00,MFON,96244790,847,842,871,850
2015-12-29 00:00:00,MFON,95029120,848,830,856,856
2015-12-28 00:00:00,MFON,70513670,822,817,855,849
2015-12-25 00:00:00,MFON,30121890,814,807,820,816
2015-12-24 00:00:00,MFON,63273370,810,799,814,812
2015-12-23 00:00:00,MFON,70870710,819,810,825,813
2015-12-22 00:00:00,MFON,80005880,844,811,848,814
2015-12-21 00:00:00,MFON,155544480,859,831,859,843
2015-12-18 00:00:00,MFON,318606470,935,904,935,905
2015-12-17 00:00:00,MFON,107113550,923,911,932,932
2015-12-16 00:00:00,MFON,68335690,932,907,933,918
2015-12-15 00:00:00,MFON,81944010,922,907,934,925
2015-12-14 00:00:00,MFON,44346090,928,916,937,921
2015-12-11 00:00:00,MFON,98459450,942,924,952,925
2015-12-10 00:00:00,MFON,95207890,927,927,950,940
2015-12-09 00:00:00,MFON,121544440,915,915,933,930
2015-12-08 00:00:00,MFON,81704810,903,895,915,915
2015-12-07 00:00:00,MFON,55673820,919,892,922,910
2015-12-04 00:00:00,MFON,51310000,925,909,927,913
2015-12-03 00:00:00,MFON,16018980,918,915,924,919
2015-12-02 00:00:00,MFON,66019760,932,911,939,918
2015-12-01 00:00:00,MFON,44263760,946,930,957,931
2015-11-30 00:00:00,MFON,137652070,932,912,955,951
2015-11-27 00:00:00,MFON,47787390,940,925,940,928
2015-11-26 00:00:00,MFON,34395850,924,924,940,939
2015-11-25 00:00:00,MFON,72474030,919,912,932,929
2015-11-24 00:00:00,MFON,105631080,929,907,929,914
2015-11-23 00:00:00,MFON,65116520,917,910,934,926
2015-11-20 00:00:00,MFON,103499410,924,906,928,908
2015-11-19 00:00:00,MFON,199808780,906,895,931,915
2015-11-18 00:00:00,MFON,183880100,909,891,911,895
2015-11-17 00:00:00,MFON,111250940,869,869,907,901
2015-11-16 00:00:00,MFON,154462750,862,862,875,871
2015-11-13 00:00:00,MFON,101898630,850,841,870,868
2015-11-12 00:00:00,MFON,37513250,848,844,857,852
2015-11-11 00:00:00,MFON,87065910,842,828,850,843
2015-11-10 00:00:00,MFON,95672170,853,837,854,840
2015-11-09 00:00:00,MFON,68909280,853,844,860,852
2015-11-06 00:00:00,MFON,165128340,853,849,860,852
2015-11-05 00:00:00,MFON,306780650,845,840,853,848
2015-11-03 00:00:00,MFON,131487880,833,830,846,840
2015-11-02 00:00:00,MFON,31581990,833,824,835,833
2015-10-30 00:00:00,MFON,50771330,835,820,844,827
2015-10-29 00:00:00,MFON,377986220,830,817,847,830
2015-10-28 00:00:00,MFON,35740310,812,804,816,811
2015-10-27 00:00:00,MFON,29422190,810,791,815,815
2015-10-26 00:00:00,MFON,24015060,825,802,825,814
2015-10-23 00:00:00,MFON,36894670,816,809,828,817
2015-10-22 00:00:00,MFON,37036560,819,805,820,815
2015-10-21 00:00:00,MFON,60934150,802,796,815,810
2015-10-20 00:00:00,MFON,51937540,778,777,802,802
2015-10-19 00:00:00,MFON,46951680,786,776,790,780
2015-10-16 00:00:00,MFON,31893530,792,785,796,789
2015-10-15 00:00:00,MFON,87723230,796,780,796,790
2015-10-14 00:00:00,MFON,32826140,809,789,809,796
2015-10-13 00:00:00,MFON,16744580,797,796,811,808
2015-10-12 00:00:00,MFON,80788200,804,791,809,801
2015-10-09 00:00:00,MFON,192700910,775,762,805,797
2015-10-08 00:00:00,MFON,75389650,764,760,774,769
2015-10-07 00:00:00,MFON,82514230,780,756,786,763
2015-10-06 00:00:00,MFON,61731930,764,764,784,779
2015-10-05 00:00:00,MFON,101007690,795,777,795,783
2015-10-02 00:00:00,MFON,30976620,792,792,809,793
2015-10-01 00:00:00,MFON,84174660,814,791,815,795
2015-09-30 00:00:00,MFON,179150460,787,780,815,815
2015-09-29 00:00:00,MFON,142578210,795,759,796,777
2015-09-28 00:00:00,MFON,11801290,804,791,804,791
2015-09-25 00:00:00,MFON,74979850,804,800,810,800
2015-09-24 00:00:00,MFON,24477910,808,796,815,802
2015-09-23 00:00:00,MFON,21376970,805,803,813,809
2015-09-22 00:00:00,MFON,24806360,812,806,818,810
2015-09-21 00:00:00,MFON,36307320,817,806,818,815
2015-09-18 00:00:00,MFON,9219670,816,814,820,815
2015-09-17 00:00:00,MFON,66080230,815,811,825,816
2015-09-16 00:00:00,MFON,12067550,812,808,820,817
2015-09-15 00:00:00,MFON,18833870,815,806,820,812
2015-09-14 00:00:00,MFON,26146270,815,810,820,812
2015-09-11 00:00:00,MFON,18496790,817,806,820,810
2015-09-10 00:00:00,MFON,20972250,812,806,820,812
2015-09-09 00:00:00,MFON,17918950,812,809,820,812
2015-09-08 00:00:00,MFON,21265160,819,805,821,809
2015-09-07 00:00:00,MFON,11936360,805,804,820,810
2015-09-04 00:00:00,MFON,3583970,806,805,812,808
2015-09-03 00:00:00,MFON,16285150,811,802,819,810
2015-09-02 00:00:00,MFON,9671270,809,801,815,806
2015-09-01 00:00:00,MFON,29638470,813,800,819,805
2015-08-31 00:00:00,MFON,4842680,818,807,822,814
2015-08-28 00:00:00,MFON,25066980,803,802,823,818
2015-08-27 00:00:00,MFON,69485930,809,792,809,801
2015-08-26 00:00:00,MFON,51494630,804,792,810,807
2015-08-25 00:00:00,MFON,18569970,809,800,817,808
2015-08-24 00:00:00,MFON,45887820,800,771,814,810
2015-08-21 00:00:00,MFON,9878550,822,807,823,814
2015-08-20 00:00:00,MFON,20269920,816,802,830,825
2015-08-19 00:00:00,MFON,37379920,824,807,849,810
2015-08-18 00:00:00,MFON,57767120,798,798,828,816
2015-08-17 00:00:00,MFON,21571410,816,798,816,802
2015-08-14 00:00:00,MFON,11660610,811,809,819,816
2015-08-13 00:00:00,MFON,18956610,809,804,819,808
2015-08-12 00:00:00,MFON,41225740,806,790,830,803
2015-08-11 00:00:00,MFON,41015130,820,807,826,807
2015-08-10 00:00:00,MFON,15614970,831,823,835,825
2015-08-07 00:00:00,MFON,45958860,807,806,832,830
2015-08-06 00:00:00,MFON,48104860,795,795,816,804
2015-08-05 00:00:00,MFON,39773940,785,785,806,792
2015-08-04 00:00:00,MFON,47491290,772,769,789,785
2015-08-03 00:00:00,MFON,30983550,765,760,773,770
2015-07-31 00:00:00,MFON,49979740,752,752,765,765
2015-07-30 00:00:00,MFON,63145620,740,736,763,758
2015-07-29 00:00:00,MFON,93312720,729,715,736,736
2015-07-28 00:00:00,MFON,111421680,749,712,758,725
2015-07-27 00:00:00,MFON,82451940,777,742,781,748
2015-07-24 00:00:00,MFON,41394000,787,763,791,776
2015-07-23 00:00:00,MFON,29272000,810,781,810,787
2015-07-22 00:00:00,MFON,15419270,808,803,813,809
2015-07-21 00:00:00,MFON,6477500,818,809,825,810
2015-07-20 00:00:00,MFON,34779890,822,807,827,817
2015-07-17 00:00:00,MFON,136807930,788,788,833,819
2015-07-16 00:00:00,MFON,11033260,780,778,790,785
2015-07-15 00:00:00,MFON,25371310,776,771,787,785
2015-07-14 00:00:00,MFON,15977480,779,770,783,779
2015-07-13 00:00:00,MFON,25947280,781,774,795,784
2015-07-10 00:00:00,MFON,23734490,765,762,793,789
2015-07-09 00:00:00,MFON,9688990,772,768,781,772
2015-07-08 00:00:00,MFON,29419580,755,746,776,774
2015-07-07 00:00:00,MFON,16946860,750,750,771,755
2015-07-06 00:00:00,MFON,17888650,751,746,759,758
2015-07-03 00:00:00,MFON,25671390,771,752,772,757
2015-07-02 00:00:00,MFON,16254320,779,769,782,771
2015-07-01 00:00:00,MFON,4642280,779,773,779,779
2015-06-30 00:00:00,MFON,8946580,771,770,780,778
2015-06-29 00:00:00,MFON,5945780,771,767,782,769
2015-06-26 00:00:00,MFON,10946070,785,774,785,776
2015-06-25 00:00:00,MFON,11874590,784,783,799,787
2015-06-24 00:00:00,MFON,15021530,798,781,800,784
2015-06-23 00:00:00,MFON,17229430,800,795,806,798
2015-06-22 00:00:00,MFON,20398520,796,783,802,797
2015-06-19 00:00:00,MFON,29114920,786,776,801,796
2015-06-18 00:00:00,MFON,35529730,771,771,789,786
2015-06-17 00:00:00,MFON,26256580,779,766,780,770
2015-06-16 00:00:00,MFON,73781200,766,740,780,776
2015-06-15 00:00:00,MFON,36831680,771,755,779,767
2015-06-11 00:00:00,MFON,82684050,791,754,795,771
2015-06-10 00:00:00,MFON,76919320,814,782,816,789
2015-06-09 00:00:00,MFON,29794610,823,809,826,813
2015-06-08 00:00:00,MFON,12297780,823,815,825,820
2015-06-05 00:00:00,MFON,23443230,823,810,830,822
2015-06-04 00:00:00,MFON,25648170,833,819,839,820
2015-06-03 00:00:00,MFON,63478870,829,821,850,829
2015-06-02 00:00:00,MFON,25068160,823,817,830,825
2015-06-01 00:00:00,MFON,35464770,815,811,832,817
2015-05-29 00:00:00,MFON,39222810,836,806,842,811
2015-05-28 00:00:00,MFON,24740030,824,824,850,830
2015-05-27 00:00:00,MFON,26455230,822,812,831,827
2015-05-26 00:00:00,MFON,24344420,832,820,836,827
2015-05-25 00:00:00,MFON,4371160,836,830,842,834
2015-05-22 00:00:00,MFON,15753610,872,822,872,835
2015-05-21 00:00:00,MFON,17008440,871,820,871,833
2015-05-20 00:00:00,MFON,29800130,830,820,833,821
2015-05-19 00:00:00,MFON,24869820,835,825,838,831
2015-05-18 00:00:00,MFON,37678690,846,831,846,835
2015-05-15 00:00:00,MFON,33635090,838,830,861,847
2015-05-14 00:00:00,MFON,34451980,843,828,853,836
2015-05-13 00:00:00,MFON,152400660,861,836,861,838
2015-05-12 00:00:00,MFON,35389410,872,856,874,865
2015-05-08 00:00:00,MFON,22137150,858,858,873,873
2015-05-07 00:00:00,MFON,54717890,871,853,875,858
2015-05-06 00:00:00,MFON,94208880,927,862,927,870
2015-05-05 00:00:00,MFON,46700300,877,867,885,879
2015-04-30 00:00:00,MFON,38062520,927,864,927,877
2015-04-29 00:00:00,MFON,70719760,879,851,897,870
2015-04-28 00:00:00,MFON,46758840,870,866,881,879
2015-04-27 00:00:00,MFON,92388830,885,856,886,870
2015-04-24 00:00:00,MFON,105853880,869,857,890,885
2015-04-23 00:00:00,MFON,213123540,918,857,919,886
2015-04-22 00:00:00,MFON,45721530,937,905,949,914
2015-04-21 00:00:00,MFON,15778040,949,925,960,936
2015-04-20 00:00:00,MFON,24932980,922,911,934,921
2015-04-17 00:00:00,MFON,59232350,941,905,956,918
2015-04-16 00:00:00,MFON,44688280,928,919,964,940
2015-04-15 00:00:00,MFON,46211520,917,902,929,926
2015-04-14 00:00:00,MFON,29772390,941,905,941,915
2015-04-13 00:00:00,MFON,71313730,915,911,940,920
2015-04-10 00:00:00,MFON,30299320,930,904,930,913
2015-04-09 00:00:00,MFON,19098210,955,914,955,928
2015-04-08 00:00:00,MFON,8072400,992,952,992,960
2015-04-07 00:00:00,MFON,38643820,965,964,1007,991
2015-04-06 00:00:00,MFON,4912390,958,950,972,961
2015-04-03 00:00:00,MFON,9208640,970,951,970,957
2015-04-02 00:00:00,MFON,27343560,957,949,984,970
2015-04-01 00:00:00,MFON,29709320,909,909,964,954
2015-03-31 00:00:00,MFON,13620450,933,900,936,915
2015-03-30 00:00:00,MFON,12649640,901,901,932,932
2015-03-27 00:00:00,MFON,18509290,889,888,910,906
2015-03-26 00:00:00,MFON,77423980,908,883,911,897
2015-03-25 00:00:00,MFON,69664070,905,896,920,908
2015-03-24 00:00:00,MFON,25316840,915,880,928,905
2015-03-23 00:00:00,MFON,20645950,896,890,915,908
2015-03-20 00:00:00,MFON,70439230,855,851,894,893
2015-03-19 00:00:00,MFON,52665050,899,845,911,857
2015-03-18 00:00:00,MFON,161918940,869,855,898,891
2015-03-17 00:00:00,MFON,142690600,890,862,914,868
2015-03-16 00:00:00,MFON,205243360,920,878,920,886
2015-03-13 00:00:00,MFON,161768640,923,917,938,920
2015-03-12 00:00:00,MFON,91438640,955,918,957,922
2015-03-11 00:00:00,MFON,35301360,998,936,1000,941
2015-03-10 00:00:00,MFON,257925380,977,975,996,987
2015-03-06 00:00:00,MFON,60149420,993,971,1014,978
2015-03-05 00:00:00,MFON,51345190,1012,986,1037,989
2015-03-04 00:00:00,MFON,27713480,1070,1010,1070,1017
2015-03-03 00:00:00,MFON,15331580,1050,1041,1069,1044
2015-03-02 00:00:00,MFON,50984180,1014,1011,1089,1051
2015-02-27 00:00:00,MFON,27761670,1010,1006,1020,1014
2015-02-26 00:00:00,MFON,23204620,1011,1002,1023,1005
2015-02-25 00:00:00,MFON,24728080,1037,1000,1040,1015
2015-02-24 00:00:00,MFON,19804270,1000,1000,1048,1034
2015-02-20 00:00:00,MFON,12319970,1035,1015,1046,1020
2015-02-19 00:00:00,MFON,468618460,1065,1005,1111,1040
2015-02-18 00:00:00,MFON,217223670,1040,1008,1071,1060
2015-02-17 00:00:00,MFON,16202330,1041,1025,1054,1031
2015-02-16 00:00:00,MFON,19537550,1080,1026,1090,1040
2015-02-13 00:00:00,MFON,199492960,1037,1025,1094,1079
2015-02-12 00:00:00,MFON,226192150,1031,1017,1057,1025
2015-02-11 00:00:00,MFON,59246990,1038,1018,1054,1020
2015-02-10 00:00:00,MFON,127882600,1053,1019,1060,1032
2015-02-09 00:00:00,MFON,200505200,1048,1030,1075,1057
2015-02-06 00:00:00,MFON,93746340,1002,985,1092,1085
2015-02-05 00:00:00,MFON,71581910,929,924,1000,995
2015-02-04 00:00:00,MFON,62991530,924,920,948,942
2015-02-03 00:00:00,MFON,39753900,909,896,924,920
2015-02-02 00:00:00,MFON,67795500,915,880,930,904
2015-01-30 00:00:00,MFON,47442440,943,897,956,900
2015-01-29 00:00:00,MFON,21700640,963,928,980,935
2015-01-28 00:00:00,MFON,20984130,1011,949,1028,959
2015-01-27 00:00:00,MFON,59822830,1006,1005,1060,1011
2015-01-26 00:00:00,MFON,116929630,1000,987,1049,1038
2015-01-23 00:00:00,MFON,87073700,1031,1009,1050,1017
2015-01-22 00:00:00,MFON,168102470,950,947,1045,1033
2015-01-21 00:00:00,MFON,78658650,960,958,984,960
2015-01-20 00:00:00,MFON,25287400,950,936,975,966
2015-01-19 00:00:00,MFON,14715740,965,951,985,956
2015-01-16 00:00:00,MFON,6424360,967,948,976,970
2015-01-15 00:00:00,MFON,19362300,946,925,969,960
2015-01-14 00:00:00,MFON,23034740,906,898,949,921
2015-01-13 00:00:00,MFON,12856620,905,890,916,904
2015-01-12 00:00:00,MFON,7545550,935,883,935,906
2015-01-09 00:00:00,MFON,12183630,881,876,916,910
2015-01-08 00:00:00,MFON,17651730,848,848,894,876
2015-01-06 00:00:00,MFON,8141470,834,827,852,845
2015-01-05 00:00:00,MFON,3768040,839,814,840,838
2014-12-30 00:00:00,MFON,40912710,874,790,890,820
2014-12-29 00:00:00,MFON,18871280,877,855,924,887
2014-12-26 00:00:00,MFON,4194310,879,863,882,875
2014-12-25 00:00:00,MFON,6030870,870,858,890,883
2014-12-24 00:00:00,MFON,29886140,900,860,900,871
2014-12-23 00:00:00,MFON,39465120,912,860,952,907
2014-12-22 00:00:00,MFON,18977010,905,850,965,911
2014-12-19 00:00:00,MFON,18443910,899,868,925,894
2014-12-18 00:00:00,MFON,52511390,906,842,947,895
2014-12-17 00:00:00,MFON,32225120,829,809,875,875
2014-12-16 00:00:00,MFON,61326850,941,779,945,804
2014-12-15 00:00:00,MFON,150910060,940,915,976,945
2014-12-12 00:00:00,MFON,82597410,946,923,977,929
2014-12-11 00:00:00,MFON,126781980,954,936,967,949
2014-12-10 00:00:00,MFON,37444670,910,910,956,953
2014-12-09 00:00:00,MFON,33281750,904,880,919,900
2014-12-08 00:00:00,MFON,26137880,950,902,970,902
2014-12-05 00:00:00,MFON,57713360,979,940,995,948
2014-12-04 00:00:00,MFON,103000670,999,973,1005,983
2014-12-03 00:00:00,MFON,17640590,995,993,1010,1007
2014-12-02 00:00:00,MFON,23029330,1006,993,1014,996
2014-12-01 00:00:00,MFON,35890960,982,965,1024,1007
2014-11-28 00:00:00,MFON,55713630,1006,975,1016,982
2014-11-27 00:00:00,MFON,8267760,1013,992,1014,1008
2014-11-26 00:00:00,MFON,4551450,1019,1002,1024,1012
2014-11-25 00:00:00,MFON,5178780,1009,1009,1030,1021
2014-11-24 00:00:00,MFON,30996590,1027,1004,1039,1018
2014-11-21 00:00:00,MFON,7415720,1024,1012,1035,1022
2014-11-20 00:00:00,MFON,6374620,1014,1008,1028,1028
2014-11-19 00:00:00,MFON,13220910,1014,1000,1018,1012
2014-11-18 00:00:00,MFON,27186480,1011,984,1014,1007
2014-11-17 00:00:00,MFON,5237590,1005,1003,1018,1012
2014-11-14 00:00:00,MFON,15745830,1011,1000,1037,1003
2014-11-13 00:00:00,MFON,9608140,1016,1010,1039,1012
2014-11-12 00:00:00,MFON,9576240,1039,1026,1045,1040
2014-11-11 00:00:00,MFON,15017990,1018,1010,1048,1044
2014-11-10 00:00:00,MFON,10943640,1031,1002,1031,1014
2014-11-07 00:00:00,MFON,21771060,1014,996,1024,1012
2014-11-06 00:00:00,MFON,23010530,998,993,1028,1022
2014-11-05 00:00:00,MFON,26668920,989,982,1005,994
2014-11-03 00:00:00,MFON,8060090,993,981,1003,992
2014-10-31 00:00:00,MFON,29726090,1000,982,1005,993
2014-10-30 00:00:00,MFON,43349810,1008,981,1018,997
2014-10-29 00:00:00,MFON,33129440,973,961,1010,1000
2014-10-28 00:00:00,MFON,31032820,951,951,985,971
2014-10-27 00:00:00,MFON,55030690,985,945,1004,955
2014-10-24 00:00:00,MFON,7030590,954,952,979,979
2014-10-23 00:00:00,MFON,21251860,950,933,972,956
2014-10-22 00:00:00,MFON,20702290,1000,950,1000,954
2014-10-21 00:00:00,MFON,12669980,951,932,980,970
2014-10-20 00:00:00,MFON,17191340,986,950,997,951
2014-10-17 00:00:00,MFON,37443370,934,922,990,974
2014-10-16 00:00:00,MFON,63472190,973,905,985,931
2014-10-15 00:00:00,MFON,21149600,990,956,990,968
2014-10-14 00:00:00,MFON,27148640,994,985,998,987
2014-10-13 00:00:00,MFON,39344910,985,980,1010,992
2014-10-10 00:00:00,MFON,24671790,1026,975,1026,976
2014-10-09 00:00:00,MFON,54518680,1027,1023,1038,1030
2014-10-08 00:00:00,MFON,32378000,1051,1016,1055,1019
2014-10-07 00:00:00,MFON,21008160,1063,1040,1065,1060
2014-10-06 00:00:00,MFON,98874040,1009,1009,1075,1052
2014-10-03 00:00:00,MFON,27650090,990,974,1030,1005
2014-10-02 00:00:00,MFON,37721380,1024,978,1025,978
2014-10-01 00:00:00,MFON,5400710,1024,1019,1039,1025
2014-09-30 00:00:00,MFON,20612274,1035.5,1009.4,1054.3,1020
2014-09-29 00:00:00,MFON,58748579,1054.9,1024.9,1073,1035.5
2014-09-26 00:00:00,MFON,21583199,1037.3,1028.1,1061.3,1054.3
2014-09-25 00:00:00,MFON,19174138,1043.3,1028.1,1065,1046.4
2014-09-24 00:00:00,MFON,25457649,1016.5,1012.1,1040,1039.9
2014-09-23 00:00:00,MFON,24352002,1040.5,1001.9,1049.1,1006.9
2014-09-22 00:00:00,MFON,17071459,1019.7,1018,1050,1040.1
2014-09-19 00:00:00,MFON,38572366,1026.3,1009,1044,1015
2014-09-18 00:00:00,MFON,20105392,1028.5,1012.1,1038,1028.1
2014-09-17 00:00:00,MFON,27722951,1037.8,1010,1039,1015.9
2014-09-16 00:00:00,MFON,23063379,1020.5,1003,1040,1034.9
2014-09-15 00:00:00,MFON,79595946,1042,990,1043,1032
2014-09-12 00:00:00,MFON,9467305,1041,1021.5,1041,1034.5
2014-09-11 00:00:00,MFON,53421416,1067,1022.3,1072,1046
2014-09-10 00:00:00,MFON,20999391,1034.6,1031.1,1053.1,1051.2
2014-09-09 00:00:00,MFON,21606387,1066,1028,1076.2,1037
2014-09-08 00:00:00,MFON,35743222,1050.8,1045,1069.5,1058
2014-09-05 00:00:00,MFON,13901628,1019.3,1019.3,1064.9,1054
2014-09-04 00:00:00,MFON,10128536,1010,1009.5,1039.8,1036
2014-09-03 00:00:00,MFON,41838655,1019.7,987.4,1026.1,1016.1
2014-09-02 00:00:00,MFON,7006823,979.5,970.1,989.7,984.1
2014-09-01 00:00:00,MFON,42697697,1037.5,970,1037.7,978
2014-08-29 00:00:00,MFON,79614420,1043,1030,1050,1032.3
2014-08-28 00:00:00,MFON,60381592,1035,1025.1,1061.4,1043.5
2014-08-27 00:00:00,MFON,129422649,1066.3,1042.9,1076.8,1042.9
2014-08-26 00:00:00,MFON,16823523,1060,1036.6,1080,1067
2014-08-25 00:00:00,MFON,2590143,1047.6,1040,1062.7,1062.2
2014-08-22 00:00:00,MFON,6342865,1052.4,1026.1,1058.2,1050
2014-08-21 00:00:00,MFON,18057325,1037.8,1035,1056,1055
2014-08-20 00:00:00,MFON,4675548,1039.4,1020.1,1039.4,1036.2
2014-08-19 00:00:00,MFON,4988559,1032.1,1023.1,1044.1,1030.3
2014-08-18 00:00:00,MFON,3991219,1039.9,1030,1049.4,1031.8
2014-08-15 00:00:00,MFON,30272847,1034,1019.4,1044.5,1040.4
2014-08-14 00:00:00,MFON,9754906,1021.1,1015.1,1036.5,1026
2014-08-13 00:00:00,MFON,81116902,998,998,1037.7,1027.5
2014-08-12 00:00:00,MFON,24473805,978,976.1,1002.7,1001
2014-08-11 00:00:00,MFON,12543176,955,955,988,980.9
2014-08-08 00:00:00,MFON,23764813,959.9,919.7,959.9,946
2014-08-07 00:00:00,MFON,20446859,946.8,900.3,979.6,935.3
2014-08-06 00:00:00,MFON,24974698,980,944.4,990.1,949.2
2014-08-05 00:00:00,MFON,5590982,996.6,975.1,998.9,986.6
2014-08-04 00:00:00,MFON,9985687,989.9,975.1,1002.1,990.4
2014-08-01 00:00:00,MFON,3667143,1010.1,975.1,1010.1,986.1
2014-07-31 00:00:00,MFON,5898064,1021.5,980.1,1025,982.1
2014-07-30 00:00:00,MFON,9617114,978.7,978.7,1009.8,989.4
2014-07-29 00:00:00,MFON,7889251,970,962,988.1,975.8
2014-07-28 00:00:00,MFON,8418473,987.2,960.2,1002.1,969
2014-07-25 00:00:00,MFON,8270530,1009.6,990.1,1010.5,990.1
2014-07-24 00:00:00,MFON,5282440,1018.3,1004.9,1018.5,1015.1
2014-07-23 00:00:00,MFON,52274828,999,999,1038.2,1020.8
2014-07-22 00:00:00,MFON,18315928,998.1,986.1,1018.6,995.6
2014-07-21 00:00:00,MFON,26815147,998.9,981,999.9,986.4
2014-07-18 00:00:00,MFON,10220993,1018.6,980.1,1019.9,999.6
2014-07-17 00:00:00,MFON,22582225,1020.5,1009.9,1039,1017.9
2014-07-16 00:00:00,MFON,33788907,1035,1026.8,1058.6,1032.2
2014-07-15 00:00:00,MFON,7099779,1027,1010,1038.4,1030
2014-07-14 00:00:00,MFON,7116697,1042.3,1020.1,1043.9,1030.1
2014-07-11 00:00:00,MFON,22003507,1055,1035,1063.4,1043.4
2014-07-10 00:00:00,MFON,69346386,1074.1,1032.3,1093,1051.3
2014-07-09 00:00:00,MFON,32088954,1139.2,1101,1155,1138.5
2014-07-08 00:00:00,MFON,41411655,1122,1119.3,1153.7,1138.5
2014-07-07 00:00:00,MFON,15519784,1119.7,1114.2,1130,1120.6
2014-07-04 00:00:00,MFON,6009505,1115.8,1105.1,1120,1110.1
2014-07-03 00:00:00,MFON,11840139,1098.7,1098.7,1119,1114.6
2014-07-02 00:00:00,MFON,20909411,1097.6,1083.8,1111.4,1099
2014-07-01 00:00:00,MFON,28128948,1074,1069.4,1097.6,1093
2014-06-30 00:00:00,MFON,14323312,1073.3,1050,1079.8,1079.3
2014-06-27 00:00:00,MFON,12458948,1069.5,1067.3,1076.1,1069
2014-06-26 00:00:00,MFON,10813408,1086.7,1066.6,1086.7,1066.6
2014-06-25 00:00:00,MFON,15564718,1084.3,1075,1095.9,1080.3
2014-06-24 00:00:00,MFON,51230059,1078.1,1072.2,1093.4,1090
2014-06-23 00:00:00,MFON,20939148,1100.4,1066.5,1105,1075
2014-06-20 00:00:00,MFON,21735183,1081.5,1072,1110,1110
2014-06-19 00:00:00,MFON,21067971,1074.8,1065.1,1098.6,1086.4
2014-06-18 00:00:00,MFON,14297437,1065,1061.5,1086.9,1066.4
2014-06-17 00:00:00,MFON,28172365,1092.9,1061.2,1110,1067
2014-06-16 00:00:00,MFON,204186962,1058.9,1036.1,1144.1,1082
2014-06-11 00:00:00,MFON,12694176,1098.9,1069.9,1117,1074.2
2014-06-10 00:00:00,MFON,18415029,1049.6,1040,1150,1090
2014-06-09 00:00:00,MFON,152305469,1048,1048,1120,1110
