2018-04-20 00:00:00,SBER,12403515337.1,214,212.13,216.27,215.36
2018-04-19 00:00:00,SBER,29060746448.2,217.34,212,222.22,213.45
2018-04-18 00:00:00,SBER,37412604604.2,209,208.25,219.93,215.87
2018-04-17 00:00:00,SBER,34626781541.2,203.02,200,207.87,207.5
2018-04-16 00:00:00,SBER,39538854703.2,199.36,191.5,208,192.06
2018-04-13 00:00:00,SBER,22455471964.5,213.37,203.14,216.7,204.7
2018-04-12 00:00:00,SBER,27108143591.5,214.55,208.5,218.39,212.21
2018-04-11 00:00:00,SBER,39537872546.91,214,204.24,223.6,208
2018-04-10 00:00:00,SBER,53263816178.4,211.24,197,224.47,214.8
2018-04-09 00:00:00,SBER,56367801633.7,255.05,205,255.3,213
2018-04-06 00:00:00,SBER,10442622618.6,260.64,256.01,262.32,256.76
2018-04-05 00:00:00,SBER,13715850969.4,257.25,255.92,262.89,262
2018-04-04 00:00:00,SBER,13132589219.5,252.21,249.09,255.77,255.69
2018-04-03 00:00:00,SBER,15893637625.9,250.01,245.38,251.93,251.6
2018-04-02 00:00:00,SBER,9030804058.1,253.58,249.99,258.34,249.99
2018-03-30 00:00:00,SBER,2769490405.2,254,252.8,254.49,253.57
2018-03-29 00:00:00,SBER,8537556290.3,252.12,252.12,255.6,252.9
2018-03-28 00:00:00,SBER,11059600247.6,255.5,250.75,256.12,251.5
2018-03-27 00:00:00,SBER,11573145804.9,256.99,252.27,258.43,258
2018-03-26 00:00:00,SBER,14801208311.8,262,255,264.87,255
2018-03-23 00:00:00,SBER,12131991833.5,259.02,259.02,264.25,262
2018-03-22 00:00:00,SBER,14868236050.4,269.97,264.1,271.8,265.5
2018-03-21 00:00:00,SBER,18522801736.3,258,257.23,270,268.88
2018-03-20 00:00:00,SBER,15999128102.2,255.98,250.4,257.34,257.15
2018-03-19 00:00:00,SBER,10847095189.2,257.8,250.01,259.81,255
2018-03-16 00:00:00,SBER,23374275592.7,255.29,249.76,257.98,256.15
2018-03-15 00:00:00,SBER,20242222423.6,263,253.29,264.61,254.51
2018-03-14 00:00:00,SBER,16544068953.4,273,262.11,273.4,262.5
2018-03-13 00:00:00,SBER,9496963452.9,274,272.66,275.93,273.95
2018-03-12 00:00:00,SBER,6526543548.9,276.05,273.55,277.3,274.3
2018-03-09 00:00:00,SBER,7181079006.5,274.55,270.61,275.48,274.6
2018-03-07 00:00:00,SBER,13634404795.2,272.99,270.15,276.72,274
2018-03-06 00:00:00,SBER,11265464852.1,278.5,274.03,281.5,274.03
2018-03-05 00:00:00,SBER,9442568170.3,273.7,273.5,278.84,277
2018-03-02 00:00:00,SBER,12489442956.1,274.4,268.56,275.5,273
2018-03-01 00:00:00,SBER,10691698615.5,270.98,270.9,277,275
2018-02-28 00:00:00,SBER,14554640001.7,276,272,277.41,272.4
2018-02-27 00:00:00,SBER,11149945984.2,280.82,276.61,280.99,278.21
2018-02-26 00:00:00,SBER,19103957521.4,279,278.59,285,279.97
2018-02-22 00:00:00,SBER,14071809466,277.99,275.52,279.5,277.49
2018-02-21 00:00:00,SBER,19223116848.6,266.05,266.05,279.2,279.2
2018-02-20 00:00:00,SBER,6594929915.5,266.85,264.72,267.8,267.22
2018-02-19 00:00:00,SBER,6458738857.4,267,265.3,270,266.85
2018-02-16 00:00:00,SBER,13788133927.1,265.97,263.11,267.97,266.99
2018-02-15 00:00:00,SBER,16211373017,267.53,264,268.77,264.58
2018-02-14 00:00:00,SBER,15763726021.8,259.07,257.26,263.37,262.03
2018-02-13 00:00:00,SBER,11238470863.2,255.87,254.7,258.62,258.3
2018-02-12 00:00:00,SBER,10645020978.5,253,251.67,256.36,255.05
2018-02-09 00:00:00,SBER,20370941955.7,249.03,244.13,252.89,250.11
2018-02-08 00:00:00,SBER,9527070895.6,256.4,253.19,259.76,253.19
2018-02-07 00:00:00,SBER,13917928181.3,263.9,256.26,264.37,257.58
2018-02-06 00:00:00,SBER,21953001683.1,250,248.1,262.55,258.94
2018-02-05 00:00:00,SBER,11768053139,254.85,252.6,258.29,255.64
2018-02-02 00:00:00,SBER,16805694656.1,263.69,256.2,264.83,257.32
2018-02-01 00:00:00,SBER,19395482749.2,265,260.6,270.3,263.2
2018-01-31 00:00:00,SBER,16694138298.3,257.5,255.7,264.79,264.5
2018-01-30 00:00:00,SBER,16754724883.5,248.53,247.91,258.96,257.8
2018-01-29 00:00:00,SBER,12259122499.7,247.5,246,250.79,250.48
2018-01-26 00:00:00,SBER,8754426151.2,249.3,245.93,251.23,247
2018-01-25 00:00:00,SBER,13740592645.9,247.9,247.58,251.65,250.64
2018-01-24 00:00:00,SBER,7647834295.8,244.2,242.32,247.53,247.53
2018-01-23 00:00:00,SBER,10724474488.7,244.77,241.67,246.25,244.4
2018-01-22 00:00:00,SBER,6102771561.7,242.97,241.41,244.89,243.99
2018-01-19 00:00:00,SBER,9462424478.8,245.15,240.68,245.98,242.45
2018-01-18 00:00:00,SBER,15651374942.1,240.5,240,246.69,245.5
2018-01-17 00:00:00,SBER,7276929107.2,238.62,236.53,239.82,239.82
2018-01-16 00:00:00,SBER,6069314437.4,239.01,236.01,240,239.64
2018-01-15 00:00:00,SBER,6151337444.2,239,238,240.97,238.85
2018-01-12 00:00:00,SBER,7339741596.7,238.92,236.05,239,237.75
2018-01-11 00:00:00,SBER,10274507103.4,237.76,235.21,240.88,239
2018-01-10 00:00:00,SBER,9385276735.3,240.4,237.06,241.25,237.76
2018-01-09 00:00:00,SBER,12838380465.3,239.03,239.01,243.76,240.4
2018-01-05 00:00:00,SBER,7522344750.8,238.89,236.7,239.95,238.6
2018-01-04 00:00:00,SBER,12636680510.3,232.13,231,239.5,238.8
2018-01-03 00:00:00,SBER,7965492945.5,226.88,226.35,232.7,231.9
2017-12-29 00:00:00,SBER,4258427864.1,224.12,223.27,226.2,225.2
2017-12-28 00:00:00,SBER,5412389520.1,226.9,223,227.17,224.2
2017-12-27 00:00:00,SBER,6777830976.7,224.01,223.1,227.2,226.98
2017-12-26 00:00:00,SBER,2738568877,223.9,221,223.98,223.57
2017-12-25 00:00:00,SBER,2494220546.4,222.22,221.65,223.9,223.3
2017-12-22 00:00:00,SBER,4796035917.1,223.68,221.12,224.64,221.44
2017-12-21 00:00:00,SBER,7806001248.3,226.46,222.35,227.39,223.6
2017-12-20 00:00:00,SBER,7701499395.7,224.28,222.7,226.68,226
2017-12-19 00:00:00,SBER,7890943719.4,227.99,223.5,228.5,224.1
2017-12-18 00:00:00,SBER,5575586274.9,227.49,225.7,228.9,227.4
2017-12-15 00:00:00,SBER,9655337244.7,228.9,225.57,229.79,226.53
2017-12-14 00:00:00,SBER,12545681252,222.11,221.1,229.9,229.9
2017-12-13 00:00:00,SBER,13761226490.9,227.3,220.54,228.33,221.8
2017-12-12 00:00:00,SBER,9044519248.3,229,226.11,230.5,227.9
2017-12-11 00:00:00,SBER,7755866513.4,221.4,221.1,227.69,227.69
2017-12-08 00:00:00,SBER,6278494763.3,219.9,219.61,223,220.89
2017-12-07 00:00:00,SBER,8479226905,223.83,219.23,224.79,219.81
2017-12-06 00:00:00,SBER,5176844772,222.65,221.57,224.9,223.75
2017-12-05 00:00:00,SBER,6225542245,224,222,224.55,223.91
2017-12-04 00:00:00,SBER,10084238647.7,222,219.55,226,224.6
2017-12-01 00:00:00,SBER,8919211002.8,224.5,220.76,225.76,221.5
2017-11-30 00:00:00,SBER,10404361757.6,228,222.35,228.92,224.35
2017-11-29 00:00:00,SBER,7856818233.2,230.1,226.7,231.5,228.2
2017-11-28 00:00:00,SBER,9262559734.9,221,221,230,230
2017-11-27 00:00:00,SBER,5436342465.1,228.4,225,229.04,226.76
2017-11-24 00:00:00,SBER,9997172091.8,225.4,222.15,228,228
2017-11-23 00:00:00,SBER,9330357961.4,230.26,225.06,230.99,225.56
2017-11-22 00:00:00,SBER,10595939291.9,231.89,228.38,233.95,230.25
2017-11-21 00:00:00,SBER,17837960781.3,225.5,224.07,232.99,231
2017-11-20 00:00:00,SBER,4231160320.3,225.7,223.16,225.97,224.6
2017-11-17 00:00:00,SBER,8573514177.6,227.9,224.1,228,225.65
2017-11-16 00:00:00,SBER,19176265125.3,227.79,219.09,228.58,227.5
2017-11-15 00:00:00,SBER,16229168442.8,222.5,221.54,227.75,225.95
2017-11-14 00:00:00,SBER,10103261935,216.5,215.96,222.2,221.4
2017-11-13 00:00:00,SBER,11138678402.6,217.7,215.78,223.99,216.61
2017-11-10 00:00:00,SBER,31904349106.4,221,216.61,229.4,217.7
2017-11-09 00:00:00,SBER,25131078100,209.51,209.12,221.5,220.05
2017-11-08 00:00:00,SBER,18463478162.5,205.95,204.06,211.77,209.09
2017-11-07 00:00:00,SBER,27335227905.6,196.5,195.56,206.7,205.96
2017-11-03 00:00:00,SBER,5948715074.4,194.77,193.2,195.75,193.8
2017-11-02 00:00:00,SBER,6542124745.6,193.78,192.38,195.12,193.85
2017-11-01 00:00:00,SBER,7883144194.5,194.49,193.33,197.05,194.05
2017-10-31 00:00:00,SBER,5001491660.8,194.81,193.8,196.36,193.8
2017-10-30 00:00:00,SBER,6277844957.2,196.32,195,197.7,195
2017-10-27 00:00:00,SBER,9095128102.3,193.53,192.87,196.18,196.05
2017-10-26 00:00:00,SBER,4929054253,192.65,190.72,193.5,192.75
2017-10-25 00:00:00,SBER,6243911711.2,193,192.04,194.37,192.04
2017-10-24 00:00:00,SBER,5416523676,191.64,190.13,192.92,192.5
2017-10-23 00:00:00,SBER,5174666170.8,193.41,190.82,193.64,192.34
2017-10-20 00:00:00,SBER,5602132932.1,193.6,192.23,194.14,192.97
2017-10-19 00:00:00,SBER,7802313456.9,195.26,191.81,195.69,192.2
2017-10-18 00:00:00,SBER,8523636778.7,197.5,194.01,197.89,195.31
2017-10-17 00:00:00,SBER,5170771493.8,197.3,196.07,198,197.2
2017-10-16 00:00:00,SBER,5333954891.7,197.53,196.7,198.52,197.7
2017-10-13 00:00:00,SBER,5962001329.7,195.62,195.2,197.29,196.48
2017-10-12 00:00:00,SBER,6850694986.5,195.85,194.95,196.75,195.51
2017-10-11 00:00:00,SBER,11337850688.3,193.95,193.56,196.75,195.83
2017-10-10 00:00:00,SBER,3453485572.4,194.3,192.95,194.45,193.21
2017-10-09 00:00:00,SBER,5373260236.2,194.2,192.58,194.9,194
2017-10-06 00:00:00,SBER,10227435466.8,194.3,193.67,196.42,194.16
2017-10-05 00:00:00,SBER,9467430262.4,192,189.06,193.93,193.74
2017-10-04 00:00:00,SBER,5091932728.1,192.49,191.22,192.59,192.03
2017-10-03 00:00:00,SBER,5533682367.3,193.28,192.13,193.87,192.5
2017-10-02 00:00:00,SBER,6933205489.9,192.76,191.1,194.1,193
2017-09-29 00:00:00,SBER,5060521165.2,192,190.8,192.94,192.33
2017-09-28 00:00:00,SBER,7542998039,193.68,191.53,194.3,191.96
2017-09-27 00:00:00,SBER,10618991613.5,192.94,191.2,194.29,193.7
2017-09-26 00:00:00,SBER,15914348284.3,191.56,191.54,195,192.54
2017-09-25 00:00:00,SBER,12166229937.5,187.37,186.37,191.38,191.2
2017-09-22 00:00:00,SBER,7011588236,187.35,186.77,188.77,187.55
2017-09-21 00:00:00,SBER,7749064795.6,186.4,183.8,188.37,187.38
2017-09-20 00:00:00,SBER,9221486589.1,184.5,182.65,186.47,186.47
2017-09-19 00:00:00,SBER,7684352559.8,187.68,184.55,187.72,184.85
2017-09-18 00:00:00,SBER,5576643004,189.56,187.31,190.37,188.04
2017-09-15 00:00:00,SBER,8426981292.5,188.73,186.72,189.3,188.75
2017-09-14 00:00:00,SBER,7136047587.4,189,186,189.39,188.64
2017-09-13 00:00:00,SBER,9062166438.5,189.32,188.4,190.95,189.1
2017-09-12 00:00:00,SBER,9573649158,191.03,188.14,192.31,189.32
2017-09-11 00:00:00,SBER,11688734683.6,186.7,186.51,191.3,190.5
2017-09-08 00:00:00,SBER,11256739559,184.1,183.77,187.43,185.89
2017-09-07 00:00:00,SBER,8419722993.1,183.47,183.32,185.25,184
2017-09-06 00:00:00,SBER,6113254317.9,183.25,181.47,183.73,183.12
2017-09-05 00:00:00,SBER,6327488789.8,184.39,183.33,185.59,184.14
2017-09-04 00:00:00,SBER,4711229335.5,181.51,180.93,185.27,184.1
2017-09-01 00:00:00,SBER,6320541804,183.85,182.02,185.33,183.66
2017-08-31 00:00:00,SBER,11869911146,182.99,181.71,186.33,183.51
2017-08-30 00:00:00,SBER,8882331416.9,182.5,180.85,184.48,183.5
2017-08-29 00:00:00,SBER,8319540730.1,182,179.51,182,181.89
2017-08-28 00:00:00,SBER,5055616286.3,180.6,179.2,181.85,181.85
2017-08-25 00:00:00,SBER,12440671465.5,180.85,179.6,182.25,180.51
2017-08-24 00:00:00,SBER,14044293824,175.5,175.3,179.94,179.8
2017-08-23 00:00:00,SBER,9627578520.5,171,170.98,175.3,175.3
2017-08-22 00:00:00,SBER,6465128071.4,171.2,169.7,171.7,171
2017-08-21 00:00:00,SBER,6238468270.8,169.77,168.5,170.69,169.9
2017-08-18 00:00:00,SBER,8890463726.8,171.71,168.13,171.71,169.5
2017-08-17 00:00:00,SBER,4513165987.6,172.5,172.27,173.99,172.72
2017-08-16 00:00:00,SBER,7287122720.5,172.95,172.83,175.3,173.05
2017-08-15 00:00:00,SBER,5211983477.8,172.31,170.46,172.72,172.33
2017-08-14 00:00:00,SBER,5339481719.5,173,171.37,173.77,172.51
2017-08-11 00:00:00,SBER,10364213054.1,171.26,168.64,172.49,172.05
2017-08-10 00:00:00,SBER,5194393409.9,173.75,172.01,174.16,172.2
2017-08-09 00:00:00,SBER,8522505060.2,174.8,172.8,175.2,173.4
2017-08-08 00:00:00,SBER,8806524274.8,173,172.66,175.88,175.75
2017-08-07 00:00:00,SBER,6110748025.5,170.47,170.38,172.95,172.79
2017-08-04 00:00:00,SBER,4613134895.7,169.49,168.6,170,169.73
2017-08-03 00:00:00,SBER,9574768188.3,170,169.17,170.98,170
2017-08-02 00:00:00,SBER,9333571917.6,166.6,166.54,169.94,169.9
2017-08-01 00:00:00,SBER,9250912286.6,165.5,165.3,168,166.31
2017-07-31 00:00:00,SBER,9216446332.4,165.53,163.88,167.35,164.53
2017-07-28 00:00:00,SBER,8239426338.6,165.37,163.15,165.75,165.4
2017-07-27 00:00:00,SBER,9084783029.6,162.41,162.4,166,166
2017-07-26 00:00:00,SBER,6873477732.4,160.71,160.12,162.31,161.55
2017-07-25 00:00:00,SBER,6948155291.2,161.66,159.92,162.3,160.22
2017-07-24 00:00:00,SBER,9238717282.1,161.21,158.6,162.33,161.33
2017-07-21 00:00:00,SBER,5698252930.7,163.99,161.72,163.99,162.1
2017-07-20 00:00:00,SBER,6885473178.6,164.06,163.47,164.91,163.93
2017-07-19 00:00:00,SBER,9184589048,161.3,160.53,164.34,164.34
2017-07-18 00:00:00,SBER,5899017037.7,162,160.88,162.99,161.7
2017-07-17 00:00:00,SBER,6484399938.7,161.8,159.82,163.1,161.98
2017-07-14 00:00:00,SBER,7029017854.2,159.9,159.43,162.26,161.4
2017-07-13 00:00:00,SBER,11501665989.3,161.46,158.34,162.62,159.94
2017-07-12 00:00:00,SBER,11246061319.3,157.53,157.5,160.99,160.85
2017-07-11 00:00:00,SBER,8930678023.5,155.55,154.95,157,156.91
2017-07-10 00:00:00,SBER,9810656700.2,152.48,152.36,155.34,155
2017-07-07 00:00:00,SBER,8634577444.2,149.65,149.06,152.5,152.16
2017-07-06 00:00:00,SBER,7747127175.5,149.2,148.9,151.03,150.35
2017-07-05 00:00:00,SBER,7176145870.6,149.39,147.89,149.79,148.96
2017-07-04 00:00:00,SBER,5979632355.9,147.5,147.11,149.8,149.39
2017-07-03 00:00:00,SBER,5655804978.8,146.65,146.22,148.3,147.5
2017-06-30 00:00:00,SBER,9782692507.9,143.2,142.88,146.73,145.59
2017-06-29 00:00:00,SBER,7089870660.9,146.51,143.2,146.83,143.8
2017-06-28 00:00:00,SBER,6695923001.6,146.2,144.71,146.45,145.5
2017-06-27 00:00:00,SBER,7436593075.2,144.05,143.4,147.2,147.1
2017-06-26 00:00:00,SBER,6705611153,144.85,143.81,146.49,144.49
2017-06-23 00:00:00,SBER,6126589053.9,144.4,143.62,146,144.1
2017-06-22 00:00:00,SBER,7843783759.4,142.39,141.78,145.69,144.25
2017-06-21 00:00:00,SBER,6907295034.7,144.16,142.77,144.99,143.49
2017-06-20 00:00:00,SBER,8611404258.6,145.2,143.5,147.1,144.9
2017-06-19 00:00:00,SBER,7954274311.3,142.5,141.8,145.15,145
2017-06-16 00:00:00,SBER,11234952215.4,139.65,139.02,142.8,141.63
2017-06-15 00:00:00,SBER,25298287188.4,141.94,136.2,142.21,139
2017-06-14 00:00:00,SBER,8399759584.7,145.65,142.81,145.65,143
2017-06-13 00:00:00,SBER,7800680365.8,145.35,145,147.3,146
2017-06-09 00:00:00,SBER,6868686564.2,151.41,150.12,153.75,150.13
2017-06-08 00:00:00,SBER,10234476574.8,153.16,148.25,153.43,151.93
2017-06-07 00:00:00,SBER,6710167151.8,153.3,151.75,155.11,152.82
2017-06-06 00:00:00,SBER,5331165014.9,154.49,152.11,156,152.8
2017-06-05 00:00:00,SBER,7623722591.3,157.1,154.43,158.89,154.7
2017-06-02 00:00:00,SBER,10112574850.5,153,151.62,157.14,157.14
2017-06-01 00:00:00,SBER,7814012596.7,156.4,152.72,156.76,153
2017-05-31 00:00:00,SBER,11701550678.4,161.6,155.03,161.6,155.93
2017-05-30 00:00:00,SBER,3676741724.7,163.15,161.17,163.45,161.64
2017-05-29 00:00:00,SBER,4678437609.3,161,160.69,164.22,163.9
2017-05-26 00:00:00,SBER,7439429996.2,163.8,160.62,163.8,160.7
2017-05-25 00:00:00,SBER,5674501383.3,166.5,163.53,166.95,164.05
2017-05-24 00:00:00,SBER,7755908057.5,166.8,162.51,168.48,165.7
2017-05-23 00:00:00,SBER,6593755611.6,167.87,165.4,168.3,166.31
2017-05-22 00:00:00,SBER,5002659619.9,170.5,167.14,170.5,168.03
2017-05-19 00:00:00,SBER,6132186211.4,167.48,165.71,170.08,168.87
2017-05-18 00:00:00,SBER,9558033922.9,168.41,164.7,169.17,166.5
2017-05-17 00:00:00,SBER,5972642510.9,169.8,168.17,170.63,169.24
2017-05-16 00:00:00,SBER,6359705115.8,170.97,169.98,172,170.66
2017-05-15 00:00:00,SBER,8000111823.7,168.5,167.89,171.68,171.35
2017-05-12 00:00:00,SBER,6286902322.8,169.75,166.85,170.43,167.7
2017-05-11 00:00:00,SBER,9667508132.2,171,168.84,172.39,169.97
2017-05-10 00:00:00,SBER,7853777784,167,166.41,170.8,170.8
2017-05-05 00:00:00,SBER,5861269525.6,164.22,164,166.6,165.8
2017-05-04 00:00:00,SBER,6238052591.8,164.62,163.78,167.4,165.5
2017-05-03 00:00:00,SBER,5532940128.1,166.3,163.63,166.5,164.71
2017-05-02 00:00:00,SBER,7109603271.5,166,165.01,168.34,166.64
2017-04-28 00:00:00,SBER,6771043231.3,165.5,163.91,166,165.2
2017-04-27 00:00:00,SBER,7193390744.4,164.99,163.27,165.79,164.69
2017-04-26 00:00:00,SBER,8068611971.9,163.08,161.7,165.8,165.05
2017-04-25 00:00:00,SBER,6588171646.1,163,161.31,163.53,162.55
2017-04-24 00:00:00,SBER,7795803533.7,161.09,161,163.43,162.5
2017-04-21 00:00:00,SBER,9113848242,158.74,157.8,160.3,159.59
2017-04-20 00:00:00,SBER,9967956368.9,153,152.26,158.4,158.21
2017-04-19 00:00:00,SBER,6006368511.9,153.18,152.36,155.38,153.6
2017-04-18 00:00:00,SBER,9373104156.1,154.44,152.15,155.59,153.4
2017-04-17 00:00:00,SBER,7312223641.2,149.44,147.62,154.2,153.99
2017-04-14 00:00:00,SBER,3772556350.9,150.42,148.6,152.25,149.24
2017-04-13 00:00:00,SBER,10616261149.1,151.57,149.7,153.35,152
2017-04-12 00:00:00,SBER,8168758811.2,157,150.28,157.44,150.28
2017-04-11 00:00:00,SBER,8379332854.4,155.2,154.61,158.59,156
2017-04-10 00:00:00,SBER,11548278934.7,161,154.51,161.39,155.2
2017-04-07 00:00:00,SBER,9744745429.1,166.12,160.71,166.84,161.49
2017-04-06 00:00:00,SBER,4090698387.9,167.54,166.41,168.19,167.49
2017-04-05 00:00:00,SBER,9623815655.2,164.33,163.82,168.45,168.1
2017-04-04 00:00:00,SBER,3789024448.8,161.37,160.7,163.95,163.5
2017-04-03 00:00:00,SBER,5287146510.1,160.77,159.84,162.94,161.8
2017-03-31 00:00:00,SBER,5094871408.6,163.4,159.51,163.7,159.8
2017-03-30 00:00:00,SBER,3981999668.3,163.32,161.9,164.1,163.5
2017-03-29 00:00:00,SBER,4275633841.6,164,162.37,164.9,163.22
2017-03-28 00:00:00,SBER,4971819967,163.5,162.05,164.1,163.66
2017-03-27 00:00:00,SBER,5747342963.7,163.03,161.1,163.37,162.69
2017-03-24 00:00:00,SBER,5442276482.8,164,163.07,165.9,164.52
2017-03-23 00:00:00,SBER,6332000331.6,163.5,162.1,164.84,164.15
2017-03-22 00:00:00,SBER,6586523211.4,162.01,159.75,162.92,162.92
2017-03-21 00:00:00,SBER,6540331822.4,164.5,162.25,165.49,162.98
2017-03-20 00:00:00,SBER,6756721100.8,161.57,160.61,164.05,163.8
2017-03-17 00:00:00,SBER,10530193716.3,158.55,158.17,162.85,161.15
2017-03-16 00:00:00,SBER,10847183757.8,157.82,157.82,159.85,158.35
2017-03-15 00:00:00,SBER,7697717656.1,158.05,156.06,159.67,156.2
2017-03-14 00:00:00,SBER,9425744051.6,159.5,157.02,160.75,157.42
2017-03-13 00:00:00,SBER,5408217253.6,157.49,155.86,159.87,158.92
2017-03-10 00:00:00,SBER,8097090719.7,157.32,155.55,159.4,157.5
2017-03-09 00:00:00,SBER,10053776691.9,159.22,155.23,160.84,156.2
2017-03-07 00:00:00,SBER,7207037205.9,162.41,158.9,162.41,160.98
2017-03-06 00:00:00,SBER,6051572005.1,164.5,162,165.99,162
2017-03-03 00:00:00,SBER,6251135565.2,162.95,161.61,164.89,164.4
2017-03-02 00:00:00,SBER,10627718572.8,161.39,160.33,164.3,163.4
2017-03-01 00:00:00,SBER,9933849228.5,155.65,155.65,160.92,160
2017-02-28 00:00:00,SBER,10715464371.7,161.05,155.7,161.19,156
2017-02-27 00:00:00,SBER,6832437625,166.01,160.62,166.34,160.95
2017-02-24 00:00:00,SBER,4941136901.3,166.53,165.03,168.02,165.51
2017-02-22 00:00:00,SBER,6767903223.5,167.5,164.35,168.3,165.9
2017-02-21 00:00:00,SBER,6625621596.3,165.11,164.8,168.38,167
2017-02-20 00:00:00,SBER,4461326090.5,166.4,163.93,166.69,165.44
2017-02-17 00:00:00,SBER,5402840339.5,166.48,164.42,167.12,165.49
2017-02-16 00:00:00,SBER,7301058057.2,164.4,162.21,166.5,166.49
2017-02-15 00:00:00,SBER,11242527834.7,162.27,160,165.57,163.5
2017-02-14 00:00:00,SBER,8876852540.2,164.99,162.01,165.14,162.7
2017-02-13 00:00:00,SBER,8747119742.3,166.05,163.5,167.05,164.7
2017-02-10 00:00:00,SBER,9906222029.1,169.05,165.4,170.45,165.5
2017-02-09 00:00:00,SBER,8265496689.9,171.91,167.84,172.67,168.8
2017-02-08 00:00:00,SBER,5719832547.9,173.2,170.77,173.2,171.2
2017-02-07 00:00:00,SBER,5795780887.6,173,171.51,174.18,173.47
2017-02-06 00:00:00,SBER,5881045286.4,174.71,172.22,174.98,172.87
2017-02-03 00:00:00,SBER,6026290634.9,173.03,172.27,174.19,173.8
2017-02-02 00:00:00,SBER,5380063370.9,173.94,171.95,174.69,172.83
2017-02-01 00:00:00,SBER,7317581391.2,172.59,171.75,174.27,173.9
2017-01-31 00:00:00,SBER,8049700034,174.37,172.07,175.27,172.2
2017-01-30 00:00:00,SBER,8087212526.2,177.5,174.24,178,174.6
2017-01-27 00:00:00,SBER,12474937132.1,173.89,173,178.92,178.92
2017-01-26 00:00:00,SBER,9680053074.7,170.85,169.06,174.39,173.79
2017-01-25 00:00:00,SBER,7244601704.1,170.5,169.5,171.3,170.26
2017-01-24 00:00:00,SBER,7685357888,167.37,167.24,170.7,170.25
2017-01-23 00:00:00,SBER,6047501657.5,167.33,164.53,167.33,166.75
2017-01-20 00:00:00,SBER,5439248605.5,166.55,165.42,168.19,167.49
2017-01-19 00:00:00,SBER,6375017242.4,165.46,164.69,166.99,166.3
2017-01-18 00:00:00,SBER,7051446491.7,165.9,164.31,167.8,165.24
2017-01-17 00:00:00,SBER,7583759716.1,164.67,163.34,166.47,165.98
2017-01-16 00:00:00,SBER,6218640885.2,165.22,164.06,166.8,164.66
2017-01-13 00:00:00,SBER,14304593966.6,168.79,163.88,172.39,164.9
2017-01-12 00:00:00,SBER,8442987495.6,170,168.02,170.65,168.27
2017-01-11 00:00:00,SBER,9012624271.8,171.5,168.54,173.05,169.05
2017-01-10 00:00:00,SBER,10071297927.3,168.35,167.54,172.3,171.6
2017-01-09 00:00:00,SBER,5977865131.5,171.37,168.05,172.39,168.35
2017-01-06 00:00:00,SBER,6065097940.3,172.4,169.5,173.75,170.69
2017-01-05 00:00:00,SBER,6109242773.7,176.31,171.54,177.28,171.9
2017-01-04 00:00:00,SBER,7305516105.8,178.9,174.23,179.41,175.95
2017-01-03 00:00:00,SBER,9609078356.4,173.4,173,181.68,180.12
2016-12-30 00:00:00,SBER,6088303588.4,171.7,170.56,173.25,173.25
2016-12-29 00:00:00,SBER,8429269980,170.05,167.55,172.22,171.3
2016-12-28 00:00:00,SBER,6363289458.9,173,170.1,173.63,170.1
2016-12-27 00:00:00,SBER,3402019712,172,170.5,172.7,172.27
2016-12-26 00:00:00,SBER,3658712860.7,171.3,171.15,173.2,171.97
2016-12-23 00:00:00,SBER,6360131652.8,169.8,168.55,171.76,171.15
2016-12-22 00:00:00,SBER,11520496732,174.49,170,175.35,170
2016-12-21 00:00:00,SBER,16487999994.5,176.68,174.65,185.34,174.71
2016-12-20 00:00:00,SBER,5532589587.8,174.17,173.03,176.86,175.9
2016-12-19 00:00:00,SBER,5976308452.3,174.76,173.2,175.55,174.3
2016-12-16 00:00:00,SBER,8766862602.3,175.61,173.5,177.04,173.9
2016-12-15 00:00:00,SBER,12988013102.7,171.5,171.35,175.39,174.92
2016-12-14 00:00:00,SBER,9373676243.5,177,172.37,177.87,173.7
2016-12-13 00:00:00,SBER,11293028296.1,175,172.06,177.48,176.9
2016-12-12 00:00:00,SBER,20082774584.9,172,171.35,178.93,175.4
2016-12-09 00:00:00,SBER,12605057701,169.65,167.6,170.87,169.66
2016-12-08 00:00:00,SBER,16224009729.6,160.7,160.67,168.98,168.98
2016-12-07 00:00:00,SBER,7502503249.5,159.82,158.58,161,159.95
2016-12-06 00:00:00,SBER,7601322082.3,161.99,159.35,162.94,159.35
2016-12-05 00:00:00,SBER,9139237895.5,158.76,158.43,163.23,162.02
2016-12-02 00:00:00,SBER,8365507532.4,158.45,157.1,159.94,159.4
2016-12-01 00:00:00,SBER,7053298659.9,159.99,157.75,160,158.7
2016-11-30 00:00:00,SBER,9909089628.3,158.3,157.71,160.13,158.7
2016-11-29 00:00:00,SBER,7827999916,158.98,157.6,160.7,158.07
2016-11-28 00:00:00,SBER,5354176567.4,160.01,158.43,161.12,159.4
2016-11-25 00:00:00,SBER,11120256119.7,161,158.94,163.42,160.36
2016-11-24 00:00:00,SBER,10912692925.7,155.38,155.3,161.2,161.15
2016-11-23 00:00:00,SBER,5636722764.2,155.44,154.55,155.44,155.23
2016-11-22 00:00:00,SBER,10616520476.9,153.85,153.64,155.68,155
2016-11-21 00:00:00,SBER,6102842031.8,150.9,150.9,153.25,153
2016-11-18 00:00:00,SBER,4100987357,149.99,149.64,150.84,150.05
2016-11-17 00:00:00,SBER,5651003392.7,149.93,148.95,150.95,149.75
2016-11-16 00:00:00,SBER,5386536072.9,150.9,149.18,151.88,149.94
2016-11-15 00:00:00,SBER,7601280974.3,151,148.75,152.37,149.85
2016-11-14 00:00:00,SBER,7182081900.5,152.5,149.17,152.85,150.4
2016-11-11 00:00:00,SBER,10594648321.2,153,151.44,153.68,151.51
2016-11-10 00:00:00,SBER,15449708503.1,151.88,151.84,155.57,153.36
2016-11-09 00:00:00,SBER,15190552602.5,143,142.5,151.35,151.04
2016-11-08 00:00:00,SBER,5425398366,144.25,143.68,146.33,146.11
2016-11-07 00:00:00,SBER,4665939140.2,143.8,142.55,144.88,143.4
2016-11-03 00:00:00,SBER,5753684844.6,142.8,141.6,143.66,142.75
2016-11-02 00:00:00,SBER,8644900131.6,144.51,142.3,145.64,142.36
2016-11-01 00:00:00,SBER,6501240496.6,147.9,145.71,148.98,145.85
2016-10-31 00:00:00,SBER,4100490194,148.99,147.4,148.99,147.4
2016-10-28 00:00:00,SBER,3343459651.7,149.4,148.32,150.08,149.2
2016-10-27 00:00:00,SBER,4326960565.7,150.57,149.3,151.62,149.3
2016-10-26 00:00:00,SBER,5414104154.2,151.23,149.75,151.7,150.67
2016-10-25 00:00:00,SBER,5466790141.6,149.74,149.22,152.23,151.57
2016-10-24 00:00:00,SBER,5608731106.3,149.21,148.94,150.45,149.15
2016-10-21 00:00:00,SBER,3456893308.2,148.01,147.48,148.84,148.42
2016-10-20 00:00:00,SBER,5082478516.3,148.8,147.29,149,148.26
2016-10-19 00:00:00,SBER,4738949483.2,148.39,148.07,149.2,148.6
2016-10-18 00:00:00,SBER,4870287968.4,147.48,147.02,148.44,147.74
2016-10-17 00:00:00,SBER,6234270452.3,146.5,145.54,147.13,146.46
2016-10-14 00:00:00,SBER,5459815705.3,146.65,146.16,147.96,146.73
2016-10-13 00:00:00,SBER,7760710426.3,148.64,145.76,148.65,146.09
2016-10-12 00:00:00,SBER,5305198096.4,151.2,148.81,151.59,149.2
2016-10-11 00:00:00,SBER,7032753973.4,150.89,150.51,152.44,151.3
2016-10-10 00:00:00,SBER,5631092388.8,149.33,148.36,151.3,151.27
2016-10-07 00:00:00,SBER,7380712145.9,149.6,147.89,150.5,148.74
2016-10-06 00:00:00,SBER,4866388391.6,148.34,147.55,149.69,148.9
2016-10-05 00:00:00,SBER,5601725481.1,148.14,146.3,148.4,147.95
2016-10-04 00:00:00,SBER,6865552494.8,149.1,146.21,149.12,148.1
2016-10-03 00:00:00,SBER,7090286397.9,146,145.75,148.87,148.87
2016-09-30 00:00:00,SBER,8455751298.5,147,144.6,147,145.34
2016-09-29 00:00:00,SBER,8485757408.7,150.2,148.05,150.88,148.47
2016-09-28 00:00:00,SBER,5973613428,148.12,146.71,149.34,147.18
2016-09-27 00:00:00,SBER,5998627260.4,149.55,147.28,149.69,147.53
2016-09-26 00:00:00,SBER,7818522520.6,149.9,148.7,152.45,149.1
2016-09-23 00:00:00,SBER,7765907039.4,153.73,150.13,153.76,151.5
2016-09-22 00:00:00,SBER,10131896102.7,152.54,151.62,154.5,154.18
2016-09-21 00:00:00,SBER,6611184133.7,149.85,149.72,151.54,150.67
2016-09-20 00:00:00,SBER,5213689011.3,148.12,147.04,149.4,149.3
2016-09-19 00:00:00,SBER,5808871221.6,148.8,148.07,149.91,148.66
2016-09-16 00:00:00,SBER,7409457744,149.3,147,149.68,147
2016-09-15 00:00:00,SBER,6731783060.1,150.51,148.06,150.78,149.14
2016-09-14 00:00:00,SBER,5826750811.6,149.85,149.35,151.55,150.86
2016-09-13 00:00:00,SBER,5435302608.3,151.5,149.25,152.1,149.8
2016-09-12 00:00:00,SBER,8434637360.6,149.73,148.65,151.69,151.43
2016-09-09 00:00:00,SBER,5133201463.2,152.71,151.22,152.84,151.6
2016-09-08 00:00:00,SBER,9978053627.1,155.23,152.67,156.25,153.45
2016-09-07 00:00:00,SBER,14653031148.6,150.95,150.92,155.03,154.33
2016-09-06 00:00:00,SBER,9039695232.9,149.8,149.06,150.81,150.64
2016-09-05 00:00:00,SBER,8877792792.3,147.5,147.09,149.6,149.5
2016-09-02 00:00:00,SBER,7841954397.6,144.45,143.82,147.09,146.88
2016-09-01 00:00:00,SBER,6053333272.3,143.96,143.6,144.78,144.25
2016-08-31 00:00:00,SBER,6488417705.3,143.2,142.55,144.05,143.5
2016-08-30 00:00:00,SBER,7287590705.2,143.58,143.18,145.3,143.18
2016-08-29 00:00:00,SBER,6536269238.9,144.47,142.51,144.47,143.55
2016-08-26 00:00:00,SBER,10863680090.1,143.2,143.2,145.6,145.25
2016-08-25 00:00:00,SBER,10719591847,139.99,139.67,142.9,142.84
2016-08-24 00:00:00,SBER,6481145528.9,139.7,138.52,140.5,139.5
2016-08-23 00:00:00,SBER,8229179028.6,137,136.9,140.48,140.35
2016-08-22 00:00:00,SBER,6466022031.4,135.15,134.6,137.47,137.37
2016-08-19 00:00:00,SBER,5799467960,137.7,135.52,137.7,135.8
2016-08-18 00:00:00,SBER,8579821231.5,138.72,136.2,140.14,137
2016-08-17 00:00:00,SBER,5908783673.8,138.2,137.17,138.8,138.44
2016-08-16 00:00:00,SBER,9059860088.6,139.5,138.03,141.08,138.1
2016-08-15 00:00:00,SBER,5623714089,140.25,138.86,140.49,139.5
2016-08-12 00:00:00,SBER,6222735593.4,140.2,139.1,141.39,139.45
2016-08-11 00:00:00,SBER,5325949295.1,138.16,137.68,139.74,139.7
2016-08-10 00:00:00,SBER,5032212517.9,139.2,138.14,139.8,138.3
2016-08-09 00:00:00,SBER,7283674749.7,139.21,137.85,140.25,139.2
2016-08-08 00:00:00,SBER,6061657241.3,139.01,138,140.1,139.45
2016-08-05 00:00:00,SBER,6151186763.5,137.48,137.31,138.89,138.69
2016-08-04 00:00:00,SBER,5698835374.4,136.47,136.02,137.6,137.14
2016-08-03 00:00:00,SBER,6328788314.9,134.73,134.27,136.2,135.73
2016-08-02 00:00:00,SBER,7808393550,138.45,135,138.6,135.06
2016-08-01 00:00:00,SBER,6565167416.9,140,137.59,141.21,138.52
2016-07-29 00:00:00,SBER,8166313934.7,136.57,135.93,139.81,139.15
2016-07-28 00:00:00,SBER,7686835854.3,137,134.82,137.34,136.85
2016-07-27 00:00:00,SBER,8528063308.6,136.1,135.2,137.6,136.9
2016-07-26 00:00:00,SBER,8772155248.3,136.2,133.33,136.7,135.75
2016-07-25 00:00:00,SBER,6428929124.3,138.2,135.5,138.66,136
2016-07-22 00:00:00,SBER,4645892258.2,137.86,137.57,138.87,137.8
2016-07-21 00:00:00,SBER,4499550437.9,139.3,137.8,139.85,138.5
2016-07-20 00:00:00,SBER,8794446158.8,139.55,137.41,140,138.57
2016-07-19 00:00:00,SBER,7434248905,139.75,138.42,141.1,139.47
2016-07-18 00:00:00,SBER,6530213164.9,138.43,137.9,139.93,139.93
2016-07-15 00:00:00,SBER,7409018726,139.39,137.25,139.74,138.12
2016-07-14 00:00:00,SBER,8548643589.6,140,137.57,140.65,140
2016-07-13 00:00:00,SBER,11936715358.2,140.29,137.88,141.35,139.4
2016-07-12 00:00:00,SBER,8882703238.9,137.55,136.9,140.47,140.4
2016-07-11 00:00:00,SBER,9533740566.7,134.92,134.52,137.77,137.2
2016-07-08 00:00:00,SBER,10043083863.8,130.63,130.35,134.49,134.41
2016-07-07 00:00:00,SBER,10222246297.4,130.49,130.02,133.5,131.8
2016-07-06 00:00:00,SBER,9124031149.9,131.51,127.85,132.04,129.36
2016-07-05 00:00:00,SBER,5853956115.3,133.9,131.73,133.9,131.85
2016-07-04 00:00:00,SBER,5119080832,134.65,133.8,135.84,134.6
2016-07-01 00:00:00,SBER,8586423005.5,133.38,131.55,134.34,133.85
2016-06-30 00:00:00,SBER,11562399539.1,133.65,131.14,135.34,133
2016-06-29 00:00:00,SBER,8882981033,130.63,129.82,133.95,133.88
2016-06-28 00:00:00,SBER,11699860490.7,127.85,125.7,129.71,129.57
2016-06-27 00:00:00,SBER,15219211846.1,133.9,125.35,134.83,126.2
2016-06-24 00:00:00,SBER,14149327652.7,131.5,129.12,133.5,133.4
2016-06-23 00:00:00,SBER,7546299634.1,134.42,133.89,138.28,138
2016-06-22 00:00:00,SBER,6122119624.6,134.61,133.51,135.79,134.81
2016-06-21 00:00:00,SBER,6908714760.5,132.1,129.94,133.43,133.39
2016-06-20 00:00:00,SBER,6355923662.3,132.45,131.2,133.48,132.13
2016-06-17 00:00:00,SBER,8666787653.4,128.66,128.49,130.75,128.7
2016-06-16 00:00:00,SBER,8520974588.5,129,125.85,129.24,127.1
2016-06-15 00:00:00,SBER,10369763886.9,126.9,126.61,130.23,129.89
2016-06-14 00:00:00,SBER,14046788936.6,131.22,126.15,132.37,127.08
2016-06-10 00:00:00,SBER,8751719910.6,137.8,133.35,137.94,133.5
2016-06-09 00:00:00,SBER,7862301120.3,139.9,137.07,140.71,139.61
2016-06-08 00:00:00,SBER,12361099013.8,141.12,137.44,142,139.39
2016-06-07 00:00:00,SBER,13958052347.4,134.5,134.02,139.97,139.97
2016-06-06 00:00:00,SBER,6514499719.6,132.08,132,134.74,133.99
2016-06-03 00:00:00,SBER,9033729325.9,133.07,131.04,134.44,131.59
2016-06-02 00:00:00,SBER,8414607338.4,131.51,130.51,133.08,132.3
2016-06-01 00:00:00,SBER,8482089251.8,132.36,131.31,133.21,131.36
2016-05-31 00:00:00,SBER,12553902695.3,134.79,132.56,135.98,132.56
2016-05-30 00:00:00,SBER,5029369652.9,133.51,132.55,135.08,134.45
2016-05-27 00:00:00,SBER,11592929058.8,131.62,131.35,134.79,133.2
2016-05-26 00:00:00,SBER,16357527266.9,128.54,126.9,133.05,132.16
2016-05-25 00:00:00,SBER,14479261729.1,124.45,124.41,128.55,127.87
2016-05-24 00:00:00,SBER,6987440602.1,121.45,121.35,124.07,123.5
2016-05-23 00:00:00,SBER,6825642828,121.3,120.12,122.2,121.51
2016-05-20 00:00:00,SBER,6571676358.8,121.83,120.8,122.47,121.9
2016-05-19 00:00:00,SBER,8790586342.1,121.96,120.3,122.17,120.5
2016-05-18 00:00:00,SBER,6142658749.2,122.49,121.83,123.54,123.12
2016-05-17 00:00:00,SBER,8835683168.1,122.85,120.6,123.27,122.71
2016-05-16 00:00:00,SBER,7262195712.3,122.2,121.63,123.62,122.6
2016-05-13 00:00:00,SBER,7703426593.5,121.5,119.69,121.95,121.07
2016-05-12 00:00:00,SBER,10080141940.6,123.46,121.01,124.38,121.2
2016-05-11 00:00:00,SBER,10423833974.5,120.01,119.57,123.62,123.45
2016-05-10 00:00:00,SBER,7919645465.5,119.8,118.57,121.35,119.55
2016-05-06 00:00:00,SBER,8411090739.3,120.27,118.41,120.86,120.64
2016-05-05 00:00:00,SBER,6802313979.8,121.46,120.4,122.3,120.92
2016-05-04 00:00:00,SBER,10235010629,121.5,119.31,122.39,120.96
2016-04-29 00:00:00,SBER,12763192798.2,124.43,122,125.78,123.55
2016-04-28 00:00:00,SBER,10556856884.7,121.31,120,124.39,124.39
2016-04-27 00:00:00,SBER,10991080027.5,120.25,119.57,122.37,120.8
2016-04-26 00:00:00,SBER,10367571495.8,119.98,116.75,119.98,119.7
2016-04-25 00:00:00,SBER,8108035672.6,121.01,119.6,121.51,120.08
2016-04-22 00:00:00,SBER,12356982713,119.68,117.9,121.39,121.25
2016-04-21 00:00:00,SBER,22131501769.7,124.99,118.2,125.55,119.17
2016-04-20 00:00:00,SBER,12741395879.8,120.5,119.9,123.97,123.75
2016-04-19 00:00:00,SBER,16735309525.3,118.9,118.78,123.35,121.5
2016-04-18 00:00:00,SBER,10752898612.4,117.12,116.01,118.2,118.2
2016-04-15 00:00:00,SBER,8389339753.7,118.95,118.11,119.91,119.3
2016-04-14 00:00:00,SBER,10448824709.5,119.01,117.89,119.55,119.3
2016-04-13 00:00:00,SBER,12284221991.6,118.1,117.35,119.95,119.5
2016-04-12 00:00:00,SBER,14222423017.2,117.27,115.82,119.39,117.95
2016-04-11 00:00:00,SBER,17458747643.8,113,112.62,117.85,117.35
2016-04-08 00:00:00,SBER,13825944881.5,108.98,108.56,113.3,112.92
2016-04-07 00:00:00,SBER,8710184003.2,108.99,107.62,109.38,108.51
2016-04-06 00:00:00,SBER,8134181775.9,107.63,107.05,108.3,108
2016-04-05 00:00:00,SBER,8076292165,107.24,106,107.64,106.87
2016-04-04 00:00:00,SBER,8742196865.3,108.21,107.1,109.69,108.2
2016-04-01 00:00:00,SBER,10954729269.3,109.3,107.01,109.4,108.52
2016-03-31 00:00:00,SBER,11622833134.2,108.72,107.32,110.59,109.9
2016-03-30 00:00:00,SBER,9179021892.9,107.98,107.52,109.91,109.15
2016-03-29 00:00:00,SBER,9252193779.5,107.91,105.35,108.44,107.05
2016-03-28 00:00:00,SBER,5444454984.8,110,107.69,110.11,108.12
2016-03-25 00:00:00,SBER,3598642926.5,108.62,108.62,109.5,109.1
2016-03-24 00:00:00,SBER,10092376449.9,108.59,107.05,109.29,108.06
2016-03-23 00:00:00,SBER,11471587093.6,111.27,108.7,112.1,109.1
2016-03-22 00:00:00,SBER,12081656420.5,112.27,111,114.19,111.49
2016-03-21 00:00:00,SBER,12891948432.2,111.5,110.5,112.92,112.07
2016-03-18 00:00:00,SBER,14983920514,109.59,108.91,112.5,112.4
2016-03-17 00:00:00,SBER,10123365188.7,107.8,107.7,109.49,109.47
2016-03-16 00:00:00,SBER,8097090903.9,107.2,106.12,107.27,107
2016-03-15 00:00:00,SBER,13731851331,109.6,106.09,110.29,106.46
2016-03-14 00:00:00,SBER,7248895619.9,109.28,108.4,109.56,109.26
2016-03-11 00:00:00,SBER,6706688254.4,109.2,108.55,109.95,109.26
2016-03-10 00:00:00,SBER,10361161759,108.26,107.67,109.9,108.84
2016-03-09 00:00:00,SBER,7832078624.6,108.99,107.5,109.07,108.15
2016-03-07 00:00:00,SBER,8213200369.8,109.62,108.57,110.2,109.47
2016-03-04 00:00:00,SBER,9097424212,107.7,106.7,109.02,108.99
2016-03-03 00:00:00,SBER,8550809009.7,106.7,105.4,107.63,106.99
2016-03-02 00:00:00,SBER,10513076518.7,109,106.1,109.2,106.12
2016-03-01 00:00:00,SBER,12378692096.8,107.5,106.42,108.79,108.26
2016-02-29 00:00:00,SBER,9760622267.5,105.5,104.81,107.38,107
2016-02-26 00:00:00,SBER,15295321582.9,105,104.83,107.15,106.24
2016-02-25 00:00:00,SBER,11403975917.3,102.65,101.51,104.35,104.05
2016-02-24 00:00:00,SBER,9065264147.5,102,100.79,102.7,102.1
2016-02-22 00:00:00,SBER,6848604254.1,102.57,102.39,104.39,103.2
2016-02-20 00:00:00,SBER,1856073801.2,101.61,101.5,102.6,102.39
2016-02-19 00:00:00,SBER,17517992690.7,101.99,101,103.57,101.5
2016-02-18 00:00:00,SBER,12732765327.4,99.9,99.75,102.8,102.7
2016-02-17 00:00:00,SBER,11240177159.3,96.51,96.05,99.38,99.2
2016-02-16 00:00:00,SBER,11083515697.3,95.99,95.7,97.28,96.51
2016-02-15 00:00:00,SBER,6577429632.5,96,94.93,96.37,95.25
2016-02-12 00:00:00,SBER,7535249615.1,95.14,94.18,95.67,94.85
2016-02-11 00:00:00,SBER,10879931799.9,95.71,93.05,96.1,94.2
2016-02-10 00:00:00,SBER,10568892898.4,93.5,93.16,96.77,96.35
2016-02-09 00:00:00,SBER,11439498246.7,94,92.7,95.63,93.89
2016-02-08 00:00:00,SBER,10166007287.3,97.05,93.85,97.86,94.7
2016-02-05 00:00:00,SBER,7915423689.6,97.01,96.35,97.98,97.2
2016-02-04 00:00:00,SBER,11909432345.8,98.56,96.71,98.56,97.57
2016-02-03 00:00:00,SBER,10773565474.7,93.91,93.71,96.89,94.53
2016-02-02 00:00:00,SBER,12264491075.8,95.7,93.75,97.07,94.4
2016-02-01 00:00:00,SBER,8635273185.5,96.27,95.29,97.49,96.5
2016-01-29 00:00:00,SBER,16054714712.7,97.47,95.12,98.7,96.5
2016-01-28 00:00:00,SBER,17265123553.8,95.77,94.33,97.28,96.69
2016-01-27 00:00:00,SBER,14245600391.1,91.98,91.47,96.26,95.75
2016-01-26 00:00:00,SBER,9524472957.3,89.06,88.74,91.76,91.5
2016-01-25 00:00:00,SBER,12064344954,92.55,90,93.35,91
2016-01-22 00:00:00,SBER,18629551391.5,88.97,87.62,92.28,91.5
2016-01-21 00:00:00,SBER,12301358567,84.25,83.27,87.15,86
2016-01-20 00:00:00,SBER,11248337450.6,84.89,82.2,85.19,83.83
2016-01-19 00:00:00,SBER,10054122892,87.39,85.76,89.7,86.68
2016-01-18 00:00:00,SBER,8736658755,86.01,85.1,88.28,86.15
2016-01-15 00:00:00,SBER,11969727980.7,92.44,86.85,92.95,87.27
2016-01-14 00:00:00,SBER,7437317841.1,91,90.37,93.15,93.04
2016-01-13 00:00:00,SBER,6892432509.5,92.75,91.25,93.88,91.5
2016-01-12 00:00:00,SBER,10043706788.5,89.09,88.52,92.88,91.71
2016-01-11 00:00:00,SBER,7987443989.1,93.61,91.01,94.89,91.03
2016-01-06 00:00:00,SBER,3986265724.8,98.7,96.83,99.56,96.85
2016-01-05 00:00:00,SBER,4821702731.4,97.88,97.16,99.24,98.89
2016-01-04 00:00:00,SBER,5077424469.2,101,97.94,101.78,98.01
2015-12-30 00:00:00,SBER,3932572461.9,101.67,100.47,101.85,101.26
2015-12-29 00:00:00,SBER,7344425012.6,100.49,99.74,102.5,101.82
2015-12-28 00:00:00,SBER,3696017086.7,101.2,99.46,101.54,100.2
2015-12-25 00:00:00,SBER,2659577449.7,101.83,100.78,102.32,101.34
2015-12-24 00:00:00,SBER,7360203488,103.75,100.4,103.89,101.35
2015-12-23 00:00:00,SBER,7362336613.5,100.15,100.13,102.96,102.96
2015-12-22 00:00:00,SBER,4870644757,99.5,99.1,100.4,99.8
2015-12-21 00:00:00,SBER,8076479541.6,98.9,97.65,100.8,98.73
2015-12-18 00:00:00,SBER,10934242379.6,103.05,98.8,103.18,98.81
2015-12-17 00:00:00,SBER,12511558166.4,102.95,102.55,105.18,103.75
2015-12-16 00:00:00,SBER,7173782061.5,100.25,100.07,102.5,102.45
2015-12-15 00:00:00,SBER,8741234831.7,98.5,98.24,100.79,100
2015-12-14 00:00:00,SBER,9921378442.1,97.58,96.23,98.37,97.7
2015-12-11 00:00:00,SBER,9032283624.3,99.89,97.76,100.59,98.15
2015-12-10 00:00:00,SBER,8959436284.2,100.3,99.67,101.75,100.13
2015-12-09 00:00:00,SBER,11798511398.8,97.47,97.24,101.05,100.66
2015-12-08 00:00:00,SBER,15881189863,102.8,96.95,103.08,97
2015-12-07 00:00:00,SBER,9468669139.4,103.45,102.78,104.9,103
2015-12-04 00:00:00,SBER,11195660819.9,103.7,102.25,105.67,103.05
2015-12-03 00:00:00,SBER,9954576276.4,101.9,101.5,105.02,104
2015-12-02 00:00:00,SBER,9173964817.2,101.48,101.15,103.49,102.5
2015-12-01 00:00:00,SBER,10092767266,103.5,100.6,103.9,101.3
2015-11-30 00:00:00,SBER,9118566860.4,103.9,102.75,105.9,102.9
2015-11-27 00:00:00,SBER,9777583229.9,105.74,103.7,106.06,104.55
2015-11-26 00:00:00,SBER,8668625700.7,108.77,105.6,109.3,106.48
2015-11-25 00:00:00,SBER,12803338864.7,106.3,105.44,108.94,108.51
2015-11-24 00:00:00,SBER,16553006789.6,109.81,105.15,110.7,105.6
2015-11-23 00:00:00,SBER,18771890126.7,106.88,105.22,110.32,109.98
2015-11-20 00:00:00,SBER,11970586652.5,104.35,103.19,107.3,107.3
2015-11-19 00:00:00,SBER,20252810885.6,104.7,102.54,108.55,104.86
2015-11-18 00:00:00,SBER,14142767356,102.78,101.74,104.59,104
2015-11-17 00:00:00,SBER,18037339094.4,96.52,96.52,102.67,102.5
2015-11-16 00:00:00,SBER,8334568871.8,93.01,93.01,96.14,95.8
2015-11-13 00:00:00,SBER,7405583101.2,93.4,92.96,94.39,93.4
2015-11-12 00:00:00,SBER,7419518325.5,93.4,92.69,94.77,94.29
2015-11-11 00:00:00,SBER,7269524919.6,94.2,92.65,94.86,94
2015-11-10 00:00:00,SBER,6655777226,92.78,92.02,94.42,94.35
2015-11-09 00:00:00,SBER,7402085478.9,94.5,92.7,94.79,92.95
2015-11-06 00:00:00,SBER,10073225196.8,95.5,93.57,95.91,94.09
2015-11-05 00:00:00,SBER,12206480529.7,96,94.6,96.6,95.5
2015-11-03 00:00:00,SBER,11599161951.2,93.89,93.32,95.59,95.4
2015-11-02 00:00:00,SBER,11533162305,90.25,89.66,93.8,93.65
2015-10-30 00:00:00,SBER,7671652354.9,88.75,88.12,90.8,90.53
2015-10-29 00:00:00,SBER,10264611464.2,89.73,88.31,91,88.6
2015-10-28 00:00:00,SBER,11391289093.9,89,87.33,90.49,90.05
2015-10-27 00:00:00,SBER,12404568510.7,91.9,88.73,91.92,89
2015-10-26 00:00:00,SBER,14156296955.1,90.89,89.72,92.7,92.3
2015-10-23 00:00:00,SBER,12248050433.6,87.22,86.97,90.45,90.45
2015-10-22 00:00:00,SBER,7864275604.3,86.63,86.03,87.6,86.53
2015-10-21 00:00:00,SBER,8597024871,87.99,86,88.35,86.95
2015-10-20 00:00:00,SBER,9606479105.3,86.96,86.14,89.34,88.14
2015-10-19 00:00:00,SBER,10285534549.7,88.5,85.92,88.86,87.07
2015-10-16 00:00:00,SBER,12775243110.9,88.57,88.3,90.07,88.52
2015-10-15 00:00:00,SBER,12293996742.4,86.99,86.93,89.12,87.7
2015-10-14 00:00:00,SBER,9788569278.1,84.48,84.02,87.1,86.81
2015-10-13 00:00:00,SBER,8465295962.3,84.86,84.26,85.65,85
2015-10-12 00:00:00,SBER,12417854664.3,85.8,83.86,86.6,85.45
2015-10-09 00:00:00,SBER,17405911488.5,83.88,83.26,86.2,85.77
2015-10-08 00:00:00,SBER,18910818496,79.15,78.37,83.29,83.11
2015-10-07 00:00:00,SBER,14189390496,78.31,76.69,79.7,79.65
2015-10-06 00:00:00,SBER,7818274197.7,76.28,75.7,77.34,77.31
2015-10-05 00:00:00,SBER,7569718723.4,74.55,74.29,76.3,76.2
2015-10-02 00:00:00,SBER,7273240358.1,74.6,72.95,75,73.8
2015-10-01 00:00:00,SBER,8233421316.3,76,74.12,76.49,74.51
2015-09-30 00:00:00,SBER,6568630889,75.68,75.2,76.76,75.3
2015-09-29 00:00:00,SBER,6249207739.1,74.17,73.58,75.6,75.5
2015-09-28 00:00:00,SBER,5180139666.1,74.99,74.25,75.67,74.57
2015-09-25 00:00:00,SBER,6397364154.7,73.78,73.67,74.97,74.97
2015-09-24 00:00:00,SBER,7474064381.4,73.94,72.67,74.3,73.33
2015-09-23 00:00:00,SBER,6930161849.6,74.4,73.45,74.97,73.74
2015-09-22 00:00:00,SBER,7638511118.2,76.1,73.91,76.13,74.39
2015-09-21 00:00:00,SBER,5987130302.1,75.6,75.47,76.98,75.94
2015-09-18 00:00:00,SBER,7881746671.5,76.75,75.31,77.19,75.5
2015-09-17 00:00:00,SBER,7203069766.9,77.56,76.25,77.98,76.49
2015-09-16 00:00:00,SBER,9540095245.1,75.12,75.09,77.71,77.71
2015-09-15 00:00:00,SBER,4760349633.7,74.9,74.28,74.97,74.85
2015-09-14 00:00:00,SBER,5713597886.6,73.89,73.87,75.23,74.88
2015-09-11 00:00:00,SBER,4219275687.4,74.28,73.69,74.42,74.1
2015-09-10 00:00:00,SBER,6923861053.5,74.02,73.61,74.82,74.3
2015-09-09 00:00:00,SBER,6455384487.4,75.6,74.46,75.75,74.65
2015-09-08 00:00:00,SBER,7375920732.2,74.1,74.04,75.4,74.9
2015-09-07 00:00:00,SBER,3673598118,73.67,73.36,73.9,73.81
2015-09-04 00:00:00,SBER,5959902435.8,73.73,73.5,74.28,73.96
2015-09-03 00:00:00,SBER,7897536878,73.5,73.22,74.5,74.15
2015-09-02 00:00:00,SBER,10196595215.5,72.97,72.22,74.18,72.9
2015-09-01 00:00:00,SBER,9761688496.5,74.4,72.72,74.92,73.14
2015-08-31 00:00:00,SBER,11294385690.8,74.31,73.08,74.53,74.5
2015-08-28 00:00:00,SBER,12940780096.2,74.46,72.9,75.06,74.82
2015-08-27 00:00:00,SBER,11187782034.2,71.91,71.8,73.9,73.8
2015-08-26 00:00:00,SBER,9137115968.3,70.6,69.51,71.28,71
2015-08-25 00:00:00,SBER,10247936040.8,68.6,68.6,71,70.79
2015-08-24 00:00:00,SBER,15802396894.2,68.02,66.75,69.23,68.53
2015-08-21 00:00:00,SBER,8377667600.3,71.03,69.86,71.57,69.86
2015-08-20 00:00:00,SBER,7775867613.2,71.1,70.88,72.57,72.05
2015-08-19 00:00:00,SBER,7621445917.1,72.3,71.27,73.26,71.5
2015-08-18 00:00:00,SBER,6369365788.6,72.71,72.04,73.42,72.45
2015-08-17 00:00:00,SBER,6916351474.4,74,72.81,74.19,73
2015-08-14 00:00:00,SBER,5435991639,73.65,73.27,74.86,74.43
2015-08-13 00:00:00,SBER,5705645038.8,73.8,73.12,74.44,73.7
2015-08-12 00:00:00,SBER,7258774851.6,72.99,72.52,74.2,73.4
2015-08-11 00:00:00,SBER,8453230352.5,75.16,73.2,75.67,73.2
2015-08-10 00:00:00,SBER,6277893764.2,74.2,73.5,75.17,75.16
2015-08-07 00:00:00,SBER,7754793149.1,72.7,72.57,74.4,74.2
2015-08-06 00:00:00,SBER,7468297854.7,73.21,72.11,73.9,72.25
2015-08-05 00:00:00,SBER,8289256662.7,72.62,72.33,74.14,73.49
2015-08-04 00:00:00,SBER,7139565312.9,70.8,70.51,72.43,72.3
2015-08-03 00:00:00,SBER,8354612356.3,71.5,70.43,71.75,71.1
2015-07-31 00:00:00,SBER,10953582462.7,71.96,70.21,72.55,72.3
2015-07-30 00:00:00,SBER,7716334933.9,71.37,70.91,72.79,72.2
2015-07-29 00:00:00,SBER,8739702987.3,69.89,69.66,71.49,71.2
2015-07-28 00:00:00,SBER,12573228284.5,68.21,67.4,70.73,69.55
2015-07-27 00:00:00,SBER,14414520570.4,70.4,67.35,70.45,68.48
2015-07-24 00:00:00,SBER,9578703187.3,72.51,70.25,72.57,70.45
2015-07-23 00:00:00,SBER,6743238166.9,74.61,72.51,74.69,72.7
2015-07-22 00:00:00,SBER,7479462570.2,75.22,74.5,75.97,74.6
2015-07-21 00:00:00,SBER,8145142561.9,73.97,73.41,75.86,75.55
2015-07-20 00:00:00,SBER,6673781777.6,75.4,73.87,75.7,74.1
2015-07-17 00:00:00,SBER,6643082557.1,74.19,73.57,75.73,75.52
2015-07-16 00:00:00,SBER,4202661103.4,74,73.53,74.39,74.21
2015-07-15 00:00:00,SBER,5827909514.9,73.78,72.96,74,74
2015-07-14 00:00:00,SBER,8068480978.9,72.8,72.31,73.9,73.9
2015-07-13 00:00:00,SBER,16717328134.5,70.75,70.75,72.94,72.94
2015-07-10 00:00:00,SBER,7681072909.1,69.6,69.57,71.2,71.06
2015-07-09 00:00:00,SBER,5809055665.2,68.17,67.7,69.38,69.35
2015-07-08 00:00:00,SBER,10794926015.2,68.51,66.5,68.94,67.73
2015-07-07 00:00:00,SBER,7142821094.7,68.47,68.12,69.68,68.77
2015-07-06 00:00:00,SBER,8574431815.2,69.93,68.08,70.59,68.45
2015-07-03 00:00:00,SBER,4139718738.8,70.6,69.9,71.15,70.67
2015-07-02 00:00:00,SBER,5916314910.6,71,70.17,71.3,70.54
2015-07-01 00:00:00,SBER,7270461370.3,72.3,70.71,72.97,71
2015-06-30 00:00:00,SBER,7106462410.9,70.2,70.05,72.5,72.35
2015-06-29 00:00:00,SBER,5428842766.9,69.18,69.03,70.97,70.2
2015-06-26 00:00:00,SBER,6953857936.2,71.39,70.4,71.47,70.6
2015-06-25 00:00:00,SBER,3265686873,71.95,71.42,72.24,71.42
2015-06-24 00:00:00,SBER,4060868802.4,72.1,71.35,72.5,71.98
2015-06-23 00:00:00,SBER,3809342329.8,72.3,71.5,72.37,72.01
2015-06-22 00:00:00,SBER,5356120485.2,72.05,71.5,72.46,72
2015-06-19 00:00:00,SBER,6700730988.3,73.19,71.56,73.38,71.56
2015-06-18 00:00:00,SBER,6720787262.8,73.2,72.6,74.37,72.98
2015-06-17 00:00:00,SBER,6403529451.6,73.48,72.78,74.41,72.81
2015-06-16 00:00:00,SBER,7779486263,71.56,70.96,73.8,73.5
2015-06-15 00:00:00,SBER,7274644531.5,72.03,70.6,72.27,71.8
2015-06-11 00:00:00,SBER,8834867546.4,71.14,70.23,72.55,72.55
2015-06-10 00:00:00,SBER,6529685990.9,70.51,70.3,72.07,71.51
2015-06-09 00:00:00,SBER,6851335973.1,69.26,68.41,70.35,70.21
2015-06-08 00:00:00,SBER,7182758943.4,70.8,69.15,71.05,69.17
2015-06-05 00:00:00,SBER,5480891746.2,71.2,70.2,71.75,70.61
2015-06-04 00:00:00,SBER,7845641687.8,71.69,70.55,72.2,71.25
2015-06-03 00:00:00,SBER,7798511159.9,74.19,71.6,74.35,71.72
2015-06-02 00:00:00,SBER,5525454638.9,72.88,72.25,74.25,73.92
2015-06-01 00:00:00,SBER,8321019554.8,73.7,72.65,74.49,72.65
2015-05-29 00:00:00,SBER,10250593497.7,73.7,73.5,76.13,73.5
2015-05-28 00:00:00,SBER,6185895043.3,74,73.32,74.97,73.6
2015-05-27 00:00:00,SBER,8089769979,74.5,72.41,74.5,74.23
2015-05-26 00:00:00,SBER,6011972846.2,74.65,73.9,75.16,74.67
2015-05-25 00:00:00,SBER,4502020411.3,74.4,72.91,74.74,74.46
2015-05-22 00:00:00,SBER,9612288950.2,73.31,73.06,74.67,74.35
2015-05-21 00:00:00,SBER,7130404576,71.77,71.15,73.59,73.25
2015-05-20 00:00:00,SBER,8031173145.8,73.24,71.41,73.58,71.6
2015-05-19 00:00:00,SBER,7035385025.8,75.35,73.03,75.35,73.35
2015-05-18 00:00:00,SBER,6901311199.4,75.49,75.09,76.05,75.36
2015-05-15 00:00:00,SBER,4950211145,74.51,73.74,75.18,75.05
2015-05-14 00:00:00,SBER,6695102749.4,75.04,73.6,75.35,74.31
2015-05-13 00:00:00,SBER,8181617263.1,75.42,74.7,76.07,75.24
2015-05-12 00:00:00,SBER,7522013545.9,75.5,74.33,76.7,75.19
2015-05-08 00:00:00,SBER,8296346648.5,76.3,75.07,76.67,75.5
2015-05-07 00:00:00,SBER,8631254510.1,78.85,75.97,78.89,76.5
2015-05-06 00:00:00,SBER,8790897464.3,80.36,78.64,80.98,79.2
2015-05-05 00:00:00,SBER,10786919266.1,77.2,76.8,80.6,80.21
2015-04-30 00:00:00,SBER,8001641723,75.11,74.97,76.96,76.9
2015-04-29 00:00:00,SBER,6589908899.1,75.6,74.68,76.27,75.2
2015-04-28 00:00:00,SBER,7420290830.3,74.8,73.9,75.75,75.7
2015-04-27 00:00:00,SBER,9552112172.9,76.12,74.58,76.86,75.2
2015-04-24 00:00:00,SBER,11841055983.5,75.7,74.89,77.7,75.75
2015-04-23 00:00:00,SBER,14341518309.3,74,72.11,76.57,75.8
2015-04-22 00:00:00,SBER,10658569420.3,75.2,72.63,75.33,73.9
2015-04-21 00:00:00,SBER,11716879112.3,73.66,73.26,75.67,75.24
2015-04-20 00:00:00,SBER,11465881118.1,72.5,71.22,74.07,73.5
2015-04-17 00:00:00,SBER,11754378578,76.64,72.5,76.96,72.5
2015-04-16 00:00:00,SBER,13500567052.1,76.97,74.85,77.51,76.5
2015-04-15 00:00:00,SBER,11553766254.9,74.15,73.91,76.49,76.49
2015-04-14 00:00:00,SBER,10002445261,74.1,72.89,74.82,74.05
2015-04-13 00:00:00,SBER,12118520801.3,71.89,71.43,74.55,74.1
2015-04-10 00:00:00,SBER,10257743884.2,72.15,70.23,72.45,71.5
2015-04-09 00:00:00,SBER,13305492636.9,69.03,68.96,72,72
2015-04-08 00:00:00,SBER,8607751973,69.42,68.61,69.93,69.4
2015-04-07 00:00:00,SBER,15558188707.2,68.85,68.15,70.27,69.6
2015-04-06 00:00:00,SBER,9189715221.3,65.65,65.57,68.99,68.99
2015-04-03 00:00:00,SBER,5628272228.4,65.92,65.16,66.4,65.5
2015-04-02 00:00:00,SBER,9015854137.5,64.6,64.03,66.17,65.92
2015-04-01 00:00:00,SBER,10287783241.6,62.34,62.18,64.69,64.5
2015-03-31 00:00:00,SBER,7109578273.7,63,61.92,63.4,62.88
2015-03-30 00:00:00,SBER,7561345446.3,60.81,60.67,63.17,63.01
2015-03-27 00:00:00,SBER,9769443845.8,63.2,60.57,63.55,61
2015-03-26 00:00:00,SBER,9492165288.1,65.43,62.62,65.8,62.85
2015-03-25 00:00:00,SBER,6367760928,65.85,64.31,66.15,64.8
2015-03-24 00:00:00,SBER,7961369580.2,65,63.74,66.36,65.6
2015-03-23 00:00:00,SBER,8686117775.5,67.6,64.83,67.6,65
2015-03-20 00:00:00,SBER,9769549263.8,64.95,64.4,67.22,67
2015-03-19 00:00:00,SBER,8180816209.3,66.5,64.45,66.88,64.9
2015-03-18 00:00:00,SBER,7071390466,64.9,64.73,66.05,65.26
2015-03-17 00:00:00,SBER,11909026946.1,66.05,63.86,66.45,64.65
2015-03-16 00:00:00,SBER,10394053064.5,67.5,65.23,67.8,65.57
2015-03-13 00:00:00,SBER,10497011469.8,71,67.81,71.3,67.87
2015-03-12 00:00:00,SBER,5865438400.6,71.12,70.02,71.59,70.79
2015-03-11 00:00:00,SBER,10529138063.7,69.8,68.78,71.31,70.68
2015-03-10 00:00:00,SBER,10576419799.7,72.5,69.09,72.71,69.8
2015-03-06 00:00:00,SBER,7709717540.5,73.08,72.58,74.11,73.25
2015-03-05 00:00:00,SBER,12837220780.4,72.9,71.86,74.16,72.7
2015-03-04 00:00:00,SBER,8753923797.8,75.35,72.31,75.72,72.31
2015-03-03 00:00:00,SBER,9856981237.2,76.03,74.84,76.98,75.55
2015-03-02 00:00:00,SBER,8504254242.3,76.38,76.1,77.45,76.2
2015-02-27 00:00:00,SBER,9879008752.9,75.8,75.26,76.75,75.91
2015-02-26 00:00:00,SBER,10888676558.6,75,74.6,76.6,75.95
2015-02-25 00:00:00,SBER,9037614092.8,73.8,72.9,74.6,74.2
2015-02-24 00:00:00,SBER,8559427368.2,72,71.76,73.87,73.7
2015-02-20 00:00:00,SBER,13211569519.1,74.44,73.52,75.45,74.75
2015-02-19 00:00:00,SBER,17678036332.8,76,72.8,76.56,73.78
2015-02-18 00:00:00,SBER,17870680569.6,73.38,72.83,76.84,76.4
2015-02-17 00:00:00,SBER,17549708874.3,70.25,69.72,73.96,72.45
2015-02-16 00:00:00,SBER,9230110058.8,70.77,69.67,71.9,70
2015-02-13 00:00:00,SBER,26141723325.5,68,68,70.75,70.6
2015-02-12 00:00:00,SBER,27193992307.7,66.08,64.55,69.47,67.21
2015-02-11 00:00:00,SBER,9373707905.4,66.11,65.08,66.46,65.12
2015-02-10 00:00:00,SBER,7942469037.7,65.48,64.47,66.43,65
2015-02-09 00:00:00,SBER,14757463788.4,64.31,63.85,67.4,65.57
2015-02-06 00:00:00,SBER,11493624557,62.8,62.45,64.88,64.31
2015-02-05 00:00:00,SBER,10646794084.8,60.6,59.9,62.48,62.41
2015-02-04 00:00:00,SBER,5140938108.9,62.5,60.87,62.69,61.04
2015-02-03 00:00:00,SBER,8724095416,62,60.83,62.85,62
2015-02-02 00:00:00,SBER,11971398640.4,62,60.03,62.57,61.4
2015-01-30 00:00:00,SBER,11811926822,61.25,59.67,61.5,61.5
2015-01-29 00:00:00,SBER,9118121323.2,60.4,59.6,62,60.5
2015-01-28 00:00:00,SBER,8563690146.3,61.81,60.31,62.58,60.63
2015-01-27 00:00:00,SBER,11362083974.5,58.2,57.2,61.44,61.2
2015-01-26 00:00:00,SBER,9460544664.5,63.79,60.17,63.88,60.49
2015-01-23 00:00:00,SBER,10707837068.6,64.99,63.9,66.72,64.45
2015-01-22 00:00:00,SBER,11052416507.5,63.06,62.42,64.88,64.35
2015-01-21 00:00:00,SBER,6607688949.9,61.08,60.95,63.2,62.8
2015-01-20 00:00:00,SBER,7359944280,61.82,60.27,62.25,60.8
2015-01-19 00:00:00,SBER,7849098982.7,61.59,61.55,63.67,61.8
2015-01-16 00:00:00,SBER,8789135013.7,61.8,60.41,62.43,61.99
2015-01-15 00:00:00,SBER,11116803588.2,61.19,60.71,62.68,61.8
2015-01-14 00:00:00,SBER,8109389484.4,59.6,59.6,61.2,60.05
2015-01-13 00:00:00,SBER,11605737117.7,62.31,59.25,62.98,60.31
2015-01-12 00:00:00,SBER,6252325925.8,62.2,61.66,63.84,62.9
2015-01-09 00:00:00,SBER,6875919602,65.7,62.25,66.88,63.1
2015-01-08 00:00:00,SBER,11928949418.6,59,58.61,67.77,65.7
2015-01-06 00:00:00,SBER,4039309039,56,55.83,58.45,58.28
2015-01-05 00:00:00,SBER,3528066684.6,54.02,53.58,56.77,56.37
2014-12-30 00:00:00,SBER,6492408490,53.04,51.6,55.65,54.9
2014-12-29 00:00:00,SBER,6329889661.8,57.01,53.7,58.29,54.51
2014-12-26 00:00:00,SBER,7806991890.2,59,56.05,60,57.13
2014-12-25 00:00:00,SBER,6598735994.3,54.98,54.71,58.85,58.7
2014-12-24 00:00:00,SBER,9006096055.4,53.58,51.51,55.45,55
2014-12-23 00:00:00,SBER,13019787626.3,59.05,52.86,59.53,54
2014-12-22 00:00:00,SBER,13954392663.2,63.27,57.82,64.2,58.6
2014-12-19 00:00:00,SBER,10480844257.1,61.26,59.5,63.08,61.44
2014-12-18 00:00:00,SBER,20215423040.7,61.5,60.25,65.8,62.91
2014-12-17 00:00:00,SBER,24945637858.8,54.03,52.38,60.88,59.9
2014-12-16 00:00:00,SBER,25448070650.6,59.5,47.21,61.95,53.5
2014-12-15 00:00:00,SBER,14113009196.4,64,59.92,65.74,60.13
2014-12-12 00:00:00,SBER,10234051733.4,65.4,63.07,66.2,64.2
2014-12-11 00:00:00,SBER,12134740057.5,67.85,65.25,68.4,65.95
2014-12-10 00:00:00,SBER,12140409043.8,66.62,65.78,68.7,67.77
2014-12-09 00:00:00,SBER,12883264678.1,64.77,62.61,66.9,66.26
2014-12-08 00:00:00,SBER,11218032583.7,69.17,65.23,69.67,65.3
2014-12-05 00:00:00,SBER,11210906896.8,70.92,68.4,71.73,68.6
2014-12-04 00:00:00,SBER,11776978748,72.25,71,74.03,71.04
2014-12-03 00:00:00,SBER,8322053520,71.89,71.42,72.35,72
2014-12-02 00:00:00,SBER,9747764666.6,74.06,71.31,74.47,71.64
2014-12-01 00:00:00,SBER,10201451741.1,71.9,71.51,74.2,73.79
2014-11-28 00:00:00,SBER,9244941546.6,72.89,71.42,72.89,72.25
2014-11-27 00:00:00,SBER,6463472882.3,73.7,73.04,74.2,73.04
2014-11-26 00:00:00,SBER,6760449142.3,73.77,73.26,74.13,73.85
2014-11-25 00:00:00,SBER,4433101334.2,74.48,73.76,74.66,74.11
2014-11-24 00:00:00,SBER,6389705275.5,74.88,74.01,75.4,74.4
2014-11-21 00:00:00,SBER,7816148671.7,73.99,72.95,74.71,74.39
2014-11-20 00:00:00,SBER,7700368683.1,73.9,72.93,74.9,73.63
2014-11-19 00:00:00,SBER,6660852593.4,75.29,73.87,75.54,73.9
2014-11-18 00:00:00,SBER,9033452366.9,74.42,73.45,75.35,75.21
2014-11-17 00:00:00,SBER,5763830832.1,73.61,73.47,74.45,73.97
2014-11-14 00:00:00,SBER,7512929431.5,73.8,73.1,74.5,74.15
2014-11-13 00:00:00,SBER,11286173621.4,76.31,73.73,76.5,74.03
2014-11-12 00:00:00,SBER,8738507254.5,77.35,76.13,77.55,76.32
2014-11-11 00:00:00,SBER,10202557176.4,77.85,77.01,78.7,77.34
2014-11-10 00:00:00,SBER,9681955158.5,76.36,76.12,77.78,77.78
2014-11-07 00:00:00,SBER,14790665046.6,75.16,74.41,77.65,75.69
2014-11-06 00:00:00,SBER,8343805220.4,75.76,74.75,76.88,75.05
2014-11-05 00:00:00,SBER,7625975611.1,75.8,75.02,75.94,75.65
2014-11-03 00:00:00,SBER,3803202502.7,76.07,75.61,76.66,76.29
2014-10-31 00:00:00,SBER,11759995500.7,75.45,75.23,76.84,76.23
2014-10-30 00:00:00,SBER,13453034887.8,73.7,73.43,75.13,74.98
2014-10-29 00:00:00,SBER,7438238512.1,74.1,73.68,74.8,74.05
2014-10-28 00:00:00,SBER,7463421519.8,73.18,72.73,74.2,73.9
2014-10-27 00:00:00,SBER,8754745253.3,73.2,72.25,73.78,72.9
2014-10-24 00:00:00,SBER,5450085857.4,71.35,70.93,72.49,72.49
2014-10-23 00:00:00,SBER,9462546234.6,71.47,70.85,72.1,71.59
2014-10-22 00:00:00,SBER,7122868294.3,73,71.8,73.37,71.82
2014-10-21 00:00:00,SBER,8448389158.6,72,71.3,73.16,72.5
2014-10-20 00:00:00,SBER,8881557582.1,73.4,71.75,73.93,72.25
2014-10-17 00:00:00,SBER,10590495491.3,71.8,71.38,73.3,73.15
2014-10-16 00:00:00,SBER,14162680267.6,73.2,70.95,74.05,71.12
2014-10-15 00:00:00,SBER,8865781517.8,74.31,72.81,74.86,73.08
2014-10-14 00:00:00,SBER,7128513782.7,74.15,73.86,75.36,74.55
2014-10-13 00:00:00,SBER,8700342715.7,72.8,72.65,75.24,74.26
2014-10-10 00:00:00,SBER,10334279936.8,72.64,72.06,73.77,73.5
2014-10-09 00:00:00,SBER,10790147160.4,75.05,73.52,75.7,73.65
2014-10-08 00:00:00,SBER,9823200108,74.85,73.76,75.25,73.8
2014-10-07 00:00:00,SBER,7353823645.6,76.33,74.96,76.54,75.32
2014-10-06 00:00:00,SBER,9485664906.9,74.36,74.25,76.6,76.33
2014-10-03 00:00:00,SBER,8251476086.9,73.73,73.12,74.69,73.77
2014-10-02 00:00:00,SBER,10657701141,74.05,72.57,74.47,73.15
2014-10-01 00:00:00,SBER,9813229524.8,75.2,74.26,76.26,74.26
2014-09-30 00:00:00,SBER,11065325634.6,77.08,75.52,77.44,75.52
2014-09-29 00:00:00,SBER,7794311609.8,77.98,76.53,78.38,76.7
2014-09-26 00:00:00,SBER,8662360631.6,77.56,76.85,78.43,77.6
2014-09-25 00:00:00,SBER,9593588851.2,79.6,78,80.15,78.01
2014-09-24 00:00:00,SBER,9743665248.4,77.93,77.87,79.55,79.05
2014-09-23 00:00:00,SBER,7511750614.8,76.32,76.2,77.84,77.68
2014-09-22 00:00:00,SBER,6471712224.7,77.2,75.89,77.69,76
2014-09-19 00:00:00,SBER,9528065775.8,78.3,76.62,78.46,77.4
2014-09-18 00:00:00,SBER,8031614350,78.62,77.71,79.3,77.98
2014-09-17 00:00:00,SBER,11680433036.9,77.5,76.55,78.92,78.66
2014-09-16 00:00:00,SBER,10911100950.9,75.85,75.63,77.9,77.6
2014-09-15 00:00:00,SBER,9667420501.4,76.3,75.45,77.08,75.63
2014-09-12 00:00:00,SBER,11142306440.4,76,75.13,77.77,76.65
2014-09-11 00:00:00,SBER,11862400181.6,79.05,76.14,79.55,76.3
2014-09-10 00:00:00,SBER,6806564900.8,78.8,78.39,79.4,78.67
2014-09-09 00:00:00,SBER,8416207166.7,78.85,78.69,80.2,79.41
2014-09-08 00:00:00,SBER,8586491913.2,80.25,78.26,80.39,78.69
2014-09-05 00:00:00,SBER,12760679862.3,78.8,78.5,81.3,80.25
2014-09-04 00:00:00,SBER,12434841180.8,78.6,77.18,79.95,79.39
2014-09-03 00:00:00,SBER,21333848810.2,74.19,73.75,78.75,78.5
2014-09-02 00:00:00,SBER,7701340899.6,73.67,72.94,74.49,73.76
2014-09-01 00:00:00,SBER,12118090739.3,73.51,72.52,74.94,73.68
2014-08-29 00:00:00,SBER,14242612092.1,74.49,72.56,74.97,73.21
2014-08-28 00:00:00,SBER,17577035274,77.46,74.45,77.87,74.59
2014-08-27 00:00:00,SBER,6358565106.8,77.89,77.51,78.39,77.93
2014-08-26 00:00:00,SBER,6172031870.7,78.6,77.24,78.92,77.44
2014-08-25 00:00:00,SBER,9372795671,78.51,78.25,79.69,78.56
2014-08-22 00:00:00,SBER,10934358452.3,78.5,76.88,78.89,78.39
2014-08-21 00:00:00,SBER,9023655140.5,76.87,76.71,78.61,78.4
2014-08-20 00:00:00,SBER,9121903753.5,76,75.18,76.9,76.9
2014-08-19 00:00:00,SBER,7381460232.9,75.75,75.11,76.1,76
2014-08-18 00:00:00,SBER,6573355528.3,75.21,74.77,75.98,75.15
2014-08-15 00:00:00,SBER,9520904415.8,75.01,74,76,75.05
2014-08-14 00:00:00,SBER,11001471078,74.94,74.3,75.87,74.99
2014-08-13 00:00:00,SBER,10204042131.6,73.04,72.6,75.19,74.84
2014-08-12 00:00:00,SBER,12470921233.2,74.1,72.88,75.18,73.35
2014-08-11 00:00:00,SBER,12396749732.9,72.01,72.01,74.4,74.21
2014-08-08 00:00:00,SBER,11312689552.6,67.91,67.91,70.75,70.7
2014-08-07 00:00:00,SBER,17451511001.3,68.42,66.1,69.3,68.5
2014-08-06 00:00:00,SBER,17648189319.1,71.22,68.85,71.3,69
2014-08-05 00:00:00,SBER,7475834047.6,73,71.57,73.3,71.6
2014-08-04 00:00:00,SBER,7492810618.6,72.8,71.85,73.59,72.75
2014-08-01 00:00:00,SBER,13276911148.5,72.88,71.52,73.5,72.37
2014-07-31 00:00:00,SBER,8188974758.4,73.9,73.24,75.27,73.6
2014-07-30 00:00:00,SBER,14523547897.5,72.65,72.33,75.83,73.68
2014-07-29 00:00:00,SBER,14153119044.7,72.45,71.86,74.5,73.2
2014-07-28 00:00:00,SBER,8557052061.2,74.51,72.6,74.6,72.82
2014-07-25 00:00:00,SBER,8283568523.8,76.81,75,76.98,75.16
2014-07-24 00:00:00,SBER,7809701201.2,77,75.81,77.37,76.87
2014-07-23 00:00:00,SBER,7277557742.1,78.4,76.6,78.94,77.45
2014-07-22 00:00:00,SBER,12028123266.1,77.3,77.06,78.84,78.3
2014-07-21 00:00:00,SBER,14297774488.2,80.31,76.56,80.4,76.56
2014-07-18 00:00:00,SBER,11816975027,79.8,79.59,80.96,80.27
2014-07-17 00:00:00,SBER,12027761202.8,82,80.53,82.19,81.5
2014-07-16 00:00:00,SBER,7160064071.3,83,82.55,83.98,83.78
2014-07-15 00:00:00,SBER,6601547994.8,83.82,82.87,84.01,83.09
2014-07-14 00:00:00,SBER,5856987360.7,84.65,83.55,85.19,83.55
2014-07-11 00:00:00,SBER,6602300169.9,84.5,83.8,84.88,84.55
2014-07-10 00:00:00,SBER,9686873454.4,85.74,83.37,86.09,84.47
2014-07-09 00:00:00,SBER,6861142523.7,84.91,84.2,85.56,85.2
2014-07-08 00:00:00,SBER,8532268044.6,85.3,84.67,86.69,85.11
2014-07-07 00:00:00,SBER,6025535758,84.08,83.87,85.7,85.49
2014-07-04 00:00:00,SBER,5890073881,85.51,83.8,85.86,84
2014-07-03 00:00:00,SBER,6559336708.5,85.9,85.25,86.5,85.34
2014-07-02 00:00:00,SBER,8016712732.6,84.3,84.12,85.97,85.79
2014-07-01 00:00:00,SBER,6700970195,84.45,83.05,84.46,84.07
2014-06-30 00:00:00,SBER,6822354609.1,84.5,83.03,84.7,84.5
2014-06-27 00:00:00,SBER,4828661473.2,84.15,83.96,84.94,84.33
2014-06-26 00:00:00,SBER,8383743521.2,84.9,83.46,85.14,84.1
2014-06-25 00:00:00,SBER,9811010217.8,86.02,83.85,86.4,84.4
2014-06-24 00:00:00,SBER,12819683767.4,84.09,83.91,86.6,86.5
2014-06-23 00:00:00,SBER,8347843813.1,84.23,83.41,85.3,83.68
2014-06-20 00:00:00,SBER,7073051535.6,84.8,84.1,85.14,84.16
2014-06-19 00:00:00,SBER,9528743715,84.55,84.35,85.69,84.8
2014-06-18 00:00:00,SBER,9671046875.6,84.11,83.12,84.55,83.77
2014-06-17 00:00:00,SBER,7330000018.9,84.95,83.37,85.55,83.8
2014-06-16 00:00:00,SBER,11088013550.9,84.5,84.15,85.72,84.85
2014-06-11 00:00:00,SBER,6041154867.6,89,88.51,89.33,89
2014-06-10 00:00:00,SBER,7596389042.6,88.88,87.87,89,88.99
2014-06-09 00:00:00,SBER,7560962732,89.3,88.62,89.6,88.89
2014-06-06 00:00:00,SBER,11211383095.1,87.75,86.28,89.18,89
2014-06-05 00:00:00,SBER,12025304480.7,87.95,86.86,89.05,87.43
2014-06-04 00:00:00,SBER,10361328204.3,86.41,86.23,88.47,87.81
2014-06-03 00:00:00,SBER,10259671670.7,85.3,84.66,86.84,86.84
2014-06-02 00:00:00,SBER,11679296280.8,84.76,84.76,87.15,85.91
2014-05-30 00:00:00,SBER,9193858538.7,85.65,84.21,85.9,84.5
2014-05-29 00:00:00,SBER,11385853542.6,85.3,84.18,86.01,85.65
2014-05-28 00:00:00,SBER,9936248035.4,84.5,83.73,85.38,84.95
2014-05-27 00:00:00,SBER,12750027950.6,86.9,83.95,86.9,84.33
2014-05-26 00:00:00,SBER,9861521266.2,86,85.37,87.62,86.87
2014-05-23 00:00:00,SBER,14373948595.5,83.2,82.63,85.98,85.83
2014-05-22 00:00:00,SBER,10987132137.3,84.01,82.16,84.3,83.26
2014-05-21 00:00:00,SBER,15827223384.5,82,81.3,84.09,83.59
2014-05-20 00:00:00,SBER,12704722224.7,82.05,80.55,82.55,82.31
2014-05-19 00:00:00,SBER,11387666217.8,79.3,79.17,81.68,81.62
2014-05-16 00:00:00,SBER,11712181282.7,79.4,78.53,79.79,79.2
2014-05-15 00:00:00,SBER,13958326176.9,81.1,79.75,82.3,80.04
2014-05-14 00:00:00,SBER,10950369363.2,80.25,79.55,81.68,81.38
2014-05-13 00:00:00,SBER,14982774153.6,79.76,79.15,81.08,80.15
2014-05-12 00:00:00,SBER,12971345421,78.79,77.73,79.9,79.08
2014-05-08 00:00:00,SBER,19652189431.2,79,77.57,80.25,78.8
2014-05-07 00:00:00,SBER,20847433784.2,73.23,73.16,80.37,78.5
2014-05-06 00:00:00,SBER,9525359949.2,72.32,72.32,74.3,74.1
2014-05-05 00:00:00,SBER,4819865433.2,71.35,71.01,72.44,71.99
2014-05-02 00:00:00,SBER,4614899568.3,72,70.89,72.5,72.22
2014-04-30 00:00:00,SBER,7884706883,72.51,71.48,73.1,72.5
2014-04-29 00:00:00,SBER,13562850951.4,74.19,72.3,74.66,72.8
2014-04-28 00:00:00,SBER,26919766522.5,69,67.9,73.7,73.39
2014-04-25 00:00:00,SBER,21073635940.9,73.05,69.56,73.1,69.91
2014-04-24 00:00:00,SBER,18512448292.7,75.85,71.81,76.11,73.21
2014-04-23 00:00:00,SBER,10096596348.4,76.2,75.12,76.51,75.56
2014-04-22 00:00:00,SBER,10366817228.3,77.5,75.6,77.5,76.3
2014-04-21 00:00:00,SBER,6524700324,78.8,77.46,78.8,77.62
2014-04-18 00:00:00,SBER,9018787421.5,78.39,78.22,79.4,78.82
2014-04-17 00:00:00,SBER,15344443361.7,76,75.2,77.21,76.89
2014-04-16 00:00:00,SBER,20398523953.8,75.95,73.62,76.5,76.13
2014-04-15 00:00:00,SBER,14614490983.2,78,75.1,78.34,75.2
2014-04-14 00:00:00,SBER,14910754294.4,79.11,77.5,79.11,78.35
2014-04-11 00:00:00,SBER,12236550210.6,78.71,77.65,80.07,79.75
2014-04-10 00:00:00,SBER,14170548657.5,79.22,78.51,80.44,79.9
2014-04-09 00:00:00,SBER,12673403126.6,79.8,77.75,80.1,78.85
2014-04-08 00:00:00,SBER,12949536875.1,79.9,78.51,80,79.41
2014-04-07 00:00:00,SBER,18991884791.3,81.88,78.87,81.88,79.95
2014-04-04 00:00:00,SBER,12067295488.7,81.95,80.85,83.3,82.98
2014-04-03 00:00:00,SBER,10532322499.7,82.88,81.21,83.39,81.51
2014-04-02 00:00:00,SBER,11804773404,84,81.44,84.18,82.67
2014-04-01 00:00:00,SBER,12968274195,84.01,82.75,84.68,83.88
2014-03-31 00:00:00,SBER,14692186419.2,81.39,81.12,83.8,83.8
2014-03-28 00:00:00,SBER,12322262205.1,80.4,79.67,81.96,81.36
2014-03-27 00:00:00,SBER,14948796189.1,82.16,79.2,82.72,79.9
2014-03-26 00:00:00,SBER,19049556951.5,82.1,82.02,84.34,82.5
2014-03-25 00:00:00,SBER,20451446930.3,78.84,77.34,81.97,81.7
2014-03-24 00:00:00,SBER,13253767822.2,78.47,77.82,80.38,78.4
2014-03-21 00:00:00,SBER,16078610494.1,77.2,76.1,78.51,78.47
2014-03-20 00:00:00,SBER,15114543570,79.55,78.43,81.27,79.4
2014-03-19 00:00:00,SBER,20862008429.9,81.58,79.13,82.6,80.64
2014-03-18 00:00:00,SBER,23589639716.5,77.6,75.64,82,82
2014-03-17 00:00:00,SBER,25538520916.4,72.5,71.87,77.12,76.71
2014-03-14 00:00:00,SBER,23504637802.9,68,65.33,71.75,71.2
2014-03-13 00:00:00,SBER,18291536404.2,73.5,68.87,73.89,69.8
2014-03-12 00:00:00,SBER,17042032852.6,75.98,72.35,76.36,72.74
2014-03-11 00:00:00,SBER,11720261740.1,79.05,76.39,79.75,76.75
2014-03-07 00:00:00,SBER,15241918515.2,80,78.34,81.46,79.99
2014-03-06 00:00:00,SBER,22663770504,81.63,76.56,83.81,80.47
2014-03-05 00:00:00,SBER,14261760259.2,82.37,80.12,82.77,81.47
2014-03-04 00:00:00,SBER,30132920508.4,78.5,77.17,83.9,81.52
2014-03-03 00:00:00,SBER,33834631494.3,85.5,74.96,86.84,77.35
2014-02-28 00:00:00,SBER,10176591958.5,90.15,88.87,91.42,91.1
2014-02-27 00:00:00,SBER,11709164763.3,92.5,89.4,92.61,90.05
2014-02-26 00:00:00,SBER,8447503248.6,94.28,91.85,94.59,92.35
2014-02-25 00:00:00,SBER,7028565285.6,95.37,93.32,95.48,94.13
2014-02-24 00:00:00,SBER,4560183217.6,95,94.06,95.09,94.67
2014-02-21 00:00:00,SBER,4957617662,95.02,94.51,95.44,94.93
2014-02-20 00:00:00,SBER,6803693880.4,94.1,93.61,94.76,94.6
2014-02-19 00:00:00,SBER,7585763995.6,96.51,94.53,96.59,94.8
2014-02-18 00:00:00,SBER,5521845072.9,97.5,96.55,97.95,96.73
2014-02-17 00:00:00,SBER,5342634607.5,97.1,97.09,98.08,97.47
2014-02-14 00:00:00,SBER,6152005931.6,95.8,95.7,96.84,96.7
2014-02-13 00:00:00,SBER,5971881712.3,96.3,95.3,96.69,95.5
2014-02-12 00:00:00,SBER,6836550789.2,96.91,96.15,97.14,97
2014-02-11 00:00:00,SBER,5293672847.6,95.97,95.51,96.65,96.18
2014-02-10 00:00:00,SBER,6527070792.2,96.94,95.42,97.08,95.49
2014-02-07 00:00:00,SBER,7520576896.1,97,96.11,97.36,96.6
2014-02-06 00:00:00,SBER,7316925270.3,95.78,95.65,96.81,96.56
2014-02-05 00:00:00,SBER,8614557954.1,94.31,94.01,95.65,95.51
2014-02-04 00:00:00,SBER,8816982226.2,93.55,93.25,94.48,93.94
2014-02-03 00:00:00,SBER,7762450691.6,94.95,94.55,95.89,94.57
2014-01-31 00:00:00,SBER,9826064290.3,95.8,94.43,96.27,94.8
2014-01-30 00:00:00,SBER,12465984799.6,96.1,94.4,96.69,95.7
2014-01-29 00:00:00,SBER,11798207834.2,97.93,95.73,98.98,96.1
2014-01-28 00:00:00,SBER,7879197170.2,98.21,97.05,98.74,97.4
2014-01-27 00:00:00,SBER,10205265742.8,98.62,97.63,99.11,97.84
2014-01-24 00:00:00,SBER,11328433229.4,100.99,99.63,101.26,99.63
2014-01-23 00:00:00,SBER,7229344462.4,101.81,101.56,102.92,101.56
2014-01-22 00:00:00,SBER,5962256453.3,102.21,101.13,102.49,102.2
2014-01-21 00:00:00,SBER,6340162289.1,102.5,101.9,102.57,102.14
2014-01-20 00:00:00,SBER,6337126441.7,100.99,100.66,102.17,101.96
2014-01-17 00:00:00,SBER,6976427837.1,100.36,100.1,101.45,101.08
2014-01-16 00:00:00,SBER,6342081313.5,100.9,100.53,101.64,100.6
2014-01-15 00:00:00,SBER,7807555438.7,99.95,99.56,100.79,100.69
2014-01-14 00:00:00,SBER,7781261285.6,99.18,98.51,99.73,99.25
2014-01-13 00:00:00,SBER,6191507238.7,99.3,99.04,100.35,100.24
2014-01-10 00:00:00,SBER,5109679480.9,97.87,97.52,99.41,99.41
2014-01-09 00:00:00,SBER,4518388781.2,98.44,97.69,98.77,97.97
2014-01-08 00:00:00,SBER,4179938515.5,99.1,97.85,99.41,98.2
2014-01-06 00:00:00,SBER,3154470383.9,100.2,98.62,100.31,98.63
