2018-04-13 00:00:00,GAZP,3795246067.5,146,142.09,146.75,142.58
2018-04-12 00:00:00,GAZP,5898254966.1,145.7,142.13,146.89,145.99
2018-04-11 00:00:00,GAZP,8915901154.9,141,140.71,146.29,145.27
2018-04-10 00:00:00,GAZP,8897093522.8,135,133.5,141.97,141.8
2018-04-09 00:00:00,GAZP,12229434748.9,140.94,128.19,141.22,135.01
2018-04-06 00:00:00,GAZP,3860854096.3,140.14,139.45,141.97,141.5
2018-04-05 00:00:00,GAZP,2881488088.6,140.66,139.8,141.35,140.5
2018-04-04 00:00:00,GAZP,3113547714,140.82,139.02,141.52,140.18
2018-04-03 00:00:00,GAZP,1949062134.9,140.3,139.7,141.3,141.13
2018-04-02 00:00:00,GAZP,2627348859.7,142.4,140.32,143.7,140.32
2018-03-30 00:00:00,GAZP,1195162674,143,142.05,143.31,142.33
2018-03-29 00:00:00,GAZP,3374599605.1,140.7,140.7,142.8,142.8
2018-03-28 00:00:00,GAZP,2996716757.2,140,139.13,141.67,140.47
2018-03-27 00:00:00,GAZP,3577911800.3,139.21,139.01,141.7,140.8
2018-03-26 00:00:00,GAZP,3868595665.3,142.02,138.27,142.08,138.27
2018-03-23 00:00:00,GAZP,4711562231.5,138.79,137.82,142.49,142
2018-03-22 00:00:00,GAZP,2906849953.8,141.7,139.2,142.08,139.5
2018-03-21 00:00:00,GAZP,4440249964.3,142.7,140.84,144,141.51
2018-03-20 00:00:00,GAZP,3662723052.8,140.3,139.31,142.7,142.45
2018-03-19 00:00:00,GAZP,3052939424.6,141.45,139.43,141.77,139.91
2018-03-16 00:00:00,GAZP,5918078559.5,138.66,137.11,141,141
2018-03-15 00:00:00,GAZP,4764250778.6,138.59,138,140.06,138.25
2018-03-14 00:00:00,GAZP,4460228606.1,141.82,138.8,141.98,138.8
2018-03-13 00:00:00,GAZP,3253679777.5,141,139.95,142.93,142.75
2018-03-12 00:00:00,GAZP,2393114756.2,140.44,140.11,141.96,141.35
2018-03-09 00:00:00,GAZP,1682884613.4,138.88,137.79,139.81,139.81
2018-03-07 00:00:00,GAZP,3906497089,139.98,137.38,139.98,138.56
2018-03-06 00:00:00,GAZP,3472610989.2,142.25,140.47,143.49,140.59
2018-03-05 00:00:00,GAZP,3273586067.3,138.83,138.57,141.83,141.6
2018-03-02 00:00:00,GAZP,3730716293.9,139.65,137.77,140.59,138.57
2018-03-01 00:00:00,GAZP,6656258920.7,141,139.39,142,140.1
2018-02-28 00:00:00,GAZP,5210760050.7,145.5,142.25,145.75,143.16
2018-02-27 00:00:00,GAZP,3623011761.1,147.2,144.85,147.49,146.5
2018-02-26 00:00:00,GAZP,5513639852,148.5,146.42,149.98,147
2018-02-22 00:00:00,GAZP,4314648286.5,143.49,142.63,145.97,145.97
2018-02-21 00:00:00,GAZP,3545756273.1,140.9,140.53,144,144
2018-02-20 00:00:00,GAZP,8918367759.9,138.78,138.78,144.29,141.32
2018-02-19 00:00:00,GAZP,1996605636.1,137.36,137.13,138.7,138.31
2018-02-16 00:00:00,GAZP,3402472597.4,137.84,136.77,139.49,137.06
2018-02-15 00:00:00,GAZP,4045050780.3,139.77,137.06,140.99,137.06
2018-02-14 00:00:00,GAZP,4734351192.6,140.01,137.02,140.57,138.89
2018-02-13 00:00:00,GAZP,5068064298,138.12,137.45,140.1,139.85
2018-02-12 00:00:00,GAZP,4036057579.8,136.95,136.03,138.1,137.3
2018-02-09 00:00:00,GAZP,7212782250.9,135.99,132.8,136.7,135.56
2018-02-08 00:00:00,GAZP,5939637049.3,140.48,137.14,140.85,137.2
2018-02-07 00:00:00,GAZP,4686751364,142.43,141,143.39,141
2018-02-06 00:00:00,GAZP,7389943893.9,141.51,140.4,142.82,141.59
2018-02-05 00:00:00,GAZP,4770758477.3,142.87,142.3,145.2,144.53
2018-02-02 00:00:00,GAZP,5665003322.5,145.68,142.88,146.78,144
2018-02-01 00:00:00,GAZP,5433775002.3,143.4,143.13,146.17,145.39
2018-01-31 00:00:00,GAZP,6328701844.4,142.98,141.8,144.5,143.36
2018-01-30 00:00:00,GAZP,7404097471.2,143.9,142.37,146.43,143.5
2018-01-29 00:00:00,GAZP,5261335743,146.67,144.15,147.29,144.75
2018-01-26 00:00:00,GAZP,5199495946.1,149.37,146.01,149.55,147.19
2018-01-25 00:00:00,GAZP,6303488075.2,150,149.27,151.39,149.8
2018-01-24 00:00:00,GAZP,3684500851.4,148.59,146.6,149.7,149.7
2018-01-23 00:00:00,GAZP,5335826273.2,150.91,147.71,151.65,148.8
2018-01-22 00:00:00,GAZP,3410137802.7,149.1,148.85,150.3,150.3
2018-01-19 00:00:00,GAZP,5832835325.5,149.82,148.4,151,149.13
2018-01-18 00:00:00,GAZP,8056348716,148.79,148.13,150.35,150.35
2018-01-17 00:00:00,GAZP,9416562875.5,144.51,143.31,149.2,148.7
2018-01-16 00:00:00,GAZP,5309581232.1,143.17,141.89,145.35,145.29
2018-01-15 00:00:00,GAZP,4330147048.8,144.32,142.6,145.5,142.99
2018-01-12 00:00:00,GAZP,5268466178.3,144.21,141.64,144.54,143.99
2018-01-11 00:00:00,GAZP,5553410330.4,143.21,142.31,144.8,144.58
2018-01-10 00:00:00,GAZP,7339463567.4,140.49,139.58,143.43,143.43
2018-01-09 00:00:00,GAZP,7341282132.4,138,137.6,141.35,140
2018-01-05 00:00:00,GAZP,2725954065.9,135.6,135.08,137.12,137.12
2018-01-04 00:00:00,GAZP,4332522384.4,132.5,132.3,136.2,135.89
2018-01-03 00:00:00,GAZP,1384859815.3,131.03,130.63,132.2,132.2
2017-12-29 00:00:00,GAZP,2116205015.6,130.56,128.86,130.93,130.5
2017-12-28 00:00:00,GAZP,2124247040.5,130.88,129.81,131.2,130.53
2017-12-27 00:00:00,GAZP,2096145806,131.2,130.45,132.23,130.99
2017-12-26 00:00:00,GAZP,1671284660.5,131.83,129.62,132.44,131.2
2017-12-25 00:00:00,GAZP,751026222,132.7,131.8,133.19,131.96
2017-12-22 00:00:00,GAZP,2201845718.9,132.14,131.05,133.48,132.42
2017-12-21 00:00:00,GAZP,5182632379.1,133,130.2,133.47,131.7
2017-12-20 00:00:00,GAZP,3180360821.3,133.96,132.35,134.33,132.5
2017-12-19 00:00:00,GAZP,2208379051,134.02,133.5,134.74,133.96
2017-12-18 00:00:00,GAZP,4181128108.7,135.64,132.94,136.35,134.25
2017-12-15 00:00:00,GAZP,3404604593.2,135.79,135,136.16,135.5
2017-12-14 00:00:00,GAZP,3054773964.7,135.38,134.9,136.2,135.91
2017-12-13 00:00:00,GAZP,3158543355.4,135.19,134.6,136.42,135.56
2017-12-12 00:00:00,GAZP,3397538094.3,134.7,133.65,135.6,135.5
2017-12-11 00:00:00,GAZP,3043803663.8,132.21,132.21,134.65,134.65
2017-12-08 00:00:00,GAZP,2131049271.6,133.43,132,133.9,132.6
2017-12-07 00:00:00,GAZP,2426606929.8,133.7,132.81,133.87,133.02
2017-12-06 00:00:00,GAZP,1959237828.2,133.33,132.91,134.29,134
2017-12-05 00:00:00,GAZP,1691622366.3,133.48,132.78,133.99,133.65
2017-12-04 00:00:00,GAZP,2371538797.6,133.01,131.93,134,133.77
2017-12-01 00:00:00,GAZP,3283251391.6,132.49,131.72,133.32,133.02
2017-11-30 00:00:00,GAZP,5323159082.7,133,132,134.31,132.15
2017-11-29 00:00:00,GAZP,3644576211.7,134.85,132.97,134.86,133.55
2017-11-28 00:00:00,GAZP,3569930863.8,133.23,132.55,135.18,135.18
2017-11-27 00:00:00,GAZP,3716296369.6,133.69,132.8,135.19,133.5
2017-11-24 00:00:00,GAZP,3871353836.3,131.56,131.31,134.19,133.57
2017-11-23 00:00:00,GAZP,3849154882,132.69,131.3,133.1,131.6
2017-11-22 00:00:00,GAZP,3351736736.5,133,132.2,133.65,132.57
2017-11-21 00:00:00,GAZP,4691559967,130.45,130.35,133.05,132.49
2017-11-20 00:00:00,GAZP,2030594852.4,129.97,128.63,130.49,129.96
2017-11-17 00:00:00,GAZP,2358112566.2,129.65,129.06,130.87,129.65
2017-11-16 00:00:00,GAZP,5481911178.3,131.65,127.74,132.7,129.2
2017-11-15 00:00:00,GAZP,3078753568.5,132.01,131.21,132.79,131.21
2017-11-14 00:00:00,GAZP,5622033502.9,133.02,132.35,134.28,132.93
2017-11-13 00:00:00,GAZP,3926645954.5,132.64,131.71,134.18,133.32
2017-11-10 00:00:00,GAZP,6231087394.6,131.03,130.51,133.84,132.5
2017-11-09 00:00:00,GAZP,4472139285.5,132.31,131.14,132.82,131.5
2017-11-08 00:00:00,GAZP,5240441140.3,132,131.58,133.94,132.3
2017-11-07 00:00:00,GAZP,10741695906.9,127.06,127.05,132.55,132.28
2017-11-03 00:00:00,GAZP,2859713534.3,125.7,125.7,126.84,125.9
2017-11-02 00:00:00,GAZP,1956196861.9,125.88,124.87,126,125.67
2017-11-01 00:00:00,GAZP,2304292463.3,126.4,125.97,126.89,126.5
2017-10-31 00:00:00,GAZP,1495924424.1,126.14,125.57,126.6,125.9
2017-10-30 00:00:00,GAZP,2435295986.8,125.96,125.53,126.93,125.98
2017-10-27 00:00:00,GAZP,3568270339.9,124.55,123.64,125.94,125.94
2017-10-26 00:00:00,GAZP,1835317718.3,124.99,124.07,125.39,124.2
2017-10-25 00:00:00,GAZP,3032619353.9,126.58,124.28,126.75,125
2017-10-24 00:00:00,GAZP,2580977646.6,126.97,125.61,126.97,126.02
2017-10-23 00:00:00,GAZP,2195614993.5,127.05,126.37,127.47,126.8
2017-10-20 00:00:00,GAZP,2665815462.5,125.85,125.6,127.05,126.7
2017-10-19 00:00:00,GAZP,2840564848.4,126.75,125.17,127.39,125.5
2017-10-18 00:00:00,GAZP,3738918582.3,125.44,125.26,127.09,126.7
2017-10-17 00:00:00,GAZP,3567358588.5,127.1,125.05,127.2,125.15
2017-10-16 00:00:00,GAZP,3030779005.4,127.1,126.68,127.8,127.17
2017-10-13 00:00:00,GAZP,3004719066.4,126.18,125.8,127.39,126.86
2017-10-12 00:00:00,GAZP,2276991587.2,126.05,125.45,126.79,125.93
2017-10-11 00:00:00,GAZP,3806058342.5,124.54,124.38,126,126
2017-10-10 00:00:00,GAZP,2510400598.5,125,124.17,125.33,124.44
2017-10-09 00:00:00,GAZP,2736361901.8,123.7,123.41,124.9,124.81
2017-10-06 00:00:00,GAZP,3756664748.1,123.54,123.27,124.48,123.47
2017-10-05 00:00:00,GAZP,4914063528.9,121.75,121.51,123.97,123.5
2017-10-04 00:00:00,GAZP,2934399201.6,120.68,119.7,121.95,121.76
2017-10-03 00:00:00,GAZP,3262630188.1,121.85,120.47,122.11,120.78
2017-10-02 00:00:00,GAZP,1735882077.4,122.29,121.4,122.44,121.9
2017-09-29 00:00:00,GAZP,2106017839.4,122.58,121.7,122.81,122.2
2017-09-28 00:00:00,GAZP,2778774624.9,123.28,122.11,123.62,122.5
2017-09-27 00:00:00,GAZP,2772377791.6,123.15,122.46,123.68,123.36
2017-09-26 00:00:00,GAZP,3194970462.4,123.25,122.84,124.19,123.03
2017-09-25 00:00:00,GAZP,3467996685,121.97,121.9,123.6,123.03
2017-09-22 00:00:00,GAZP,2340513857.5,122.34,121.3,122.46,121.95
2017-09-21 00:00:00,GAZP,4309887220.6,122.19,121.61,123.2,122.34
2017-09-20 00:00:00,GAZP,3178836296.3,121.89,121.52,122.43,122.25
2017-09-19 00:00:00,GAZP,3908173420,122.61,121.05,122.8,121.75
2017-09-18 00:00:00,GAZP,3319923369.7,122.48,122.07,123.35,122.72
2017-09-15 00:00:00,GAZP,5115531193.3,122.89,121.59,123,122.5
2017-09-14 00:00:00,GAZP,3639000713.3,123.55,122.79,124.19,123.33
2017-09-13 00:00:00,GAZP,6337712193.8,122,121.99,124.38,123.55
2017-09-12 00:00:00,GAZP,3310197184.1,121.29,120.16,122,121.99
2017-09-11 00:00:00,GAZP,4875017288.7,120.85,119.63,121.94,121
2017-09-08 00:00:00,GAZP,5012536109.3,118.15,118.15,120.45,120.34
2017-09-07 00:00:00,GAZP,4388823121.7,117.62,117.38,119.03,117.95
2017-09-06 00:00:00,GAZP,2863216332.1,116,115.66,117.58,117.14
2017-09-05 00:00:00,GAZP,3108605101.7,117.55,115.9,117.89,116
2017-09-04 00:00:00,GAZP,1880781286.6,117,116.56,117.65,117
2017-09-01 00:00:00,GAZP,2665573406.8,118.05,117.04,118.26,117.4
2017-08-31 00:00:00,GAZP,4851343939.5,117.99,117.35,119.21,117.97
2017-08-30 00:00:00,GAZP,3775724287.7,118.4,116.88,118.9,118.2
2017-08-29 00:00:00,GAZP,3246392895.1,118.5,116.5,118.63,118.3
2017-08-28 00:00:00,GAZP,1921262671.5,117.8,117.54,118.75,118.75
2017-08-25 00:00:00,GAZP,2479134077.9,116.82,116.56,118,117.85
2017-08-24 00:00:00,GAZP,2159900693.5,115.75,115.42,116.89,116.56
2017-08-23 00:00:00,GAZP,2633421275.1,116.09,115.07,116.27,115.75
2017-08-22 00:00:00,GAZP,1871082010.3,115.97,115.68,116.73,116
2017-08-21 00:00:00,GAZP,1915483985.4,116.07,115.39,116.47,115.92
2017-08-18 00:00:00,GAZP,2582603108.8,115.86,115.15,116.09,116
2017-08-17 00:00:00,GAZP,1933865350.1,116.65,115.92,116.95,116.22
2017-08-16 00:00:00,GAZP,2246227014.4,117.8,116.63,117.87,116.75
2017-08-15 00:00:00,GAZP,1954095445.9,117.12,116.51,117.7,117.59
2017-08-14 00:00:00,GAZP,1593604554.4,117.15,117.15,117.99,117.4
2017-08-11 00:00:00,GAZP,2913518946.4,117.55,116.34,117.85,116.93
2017-08-10 00:00:00,GAZP,2160606577.3,118.7,118.03,119.4,118.05
2017-08-09 00:00:00,GAZP,2407840133.2,119.4,118.02,119.46,118.68
2017-08-08 00:00:00,GAZP,1782580902.2,119.47,119.25,119.89,119.67
2017-08-07 00:00:00,GAZP,2609474946.6,119.32,118.9,120.38,119.5
2017-08-04 00:00:00,GAZP,2059907147.2,119.3,118.68,119.88,119.45
2017-08-03 00:00:00,GAZP,2677804483.5,119.15,118.85,119.99,119.58
2017-08-02 00:00:00,GAZP,2467081848.8,118,117.9,119.09,119.09
2017-08-01 00:00:00,GAZP,3424049778.9,116.82,116.82,118.65,117.99
2017-07-31 00:00:00,GAZP,4692484395.8,116.7,115.08,118.18,116.1
2017-07-28 00:00:00,GAZP,4031885146.3,118.16,115.41,118.18,116.9
2017-07-27 00:00:00,GAZP,3060109077.5,119.11,117.83,119.35,118.68
2017-07-26 00:00:00,GAZP,2650540307.1,118.35,118.25,119.12,119
2017-07-25 00:00:00,GAZP,2806333758,119.13,117.67,119.7,118.4
2017-07-24 00:00:00,GAZP,2711826831.3,118.53,117.92,119.4,119.17
2017-07-21 00:00:00,GAZP,2491310879.3,120.21,118.65,120.26,118.95
2017-07-20 00:00:00,GAZP,2632020376.4,120.43,119.81,121.27,120.6
2017-07-19 00:00:00,GAZP,5142755292.6,118.48,118.11,120.11,120.11
2017-07-18 00:00:00,GAZP,4943913633.3,125.1,124.49,125.75,124.49
2017-07-17 00:00:00,GAZP,2979529702,125.39,124.3,125.7,125.14
2017-07-14 00:00:00,GAZP,2710517928.1,125.67,125,126.35,125
2017-07-13 00:00:00,GAZP,3685313719.3,124.81,124.66,125.89,125.55
2017-07-12 00:00:00,GAZP,2836668387.7,125.01,124.19,125.3,124.87
2017-07-11 00:00:00,GAZP,2570071155.7,124.36,123.85,124.94,124.78
2017-07-10 00:00:00,GAZP,3369291356.7,123.26,123.03,124.62,124.25
2017-07-07 00:00:00,GAZP,3024373435,122.19,121.4,123,123
2017-07-06 00:00:00,GAZP,3089276994.2,122.81,121.44,123.65,122.68
2017-07-05 00:00:00,GAZP,3205264710.8,122.95,122.32,123.75,122.7
2017-07-04 00:00:00,GAZP,4592366955.3,120,119.72,123.29,122.73
2017-07-03 00:00:00,GAZP,2176893368.6,119.16,118.75,119.93,119.86
2017-06-30 00:00:00,GAZP,2678556715,118.86,118.18,120.22,118.49
2017-06-29 00:00:00,GAZP,3174305460.2,120.17,118.8,120.88,119.16
2017-06-28 00:00:00,GAZP,2524991050.8,118.72,118.19,119.7,119.7
2017-06-27 00:00:00,GAZP,2189823276,118.36,118.02,119.75,119.35
2017-06-26 00:00:00,GAZP,2175798236.3,119.5,118.26,119.97,118.67
2017-06-23 00:00:00,GAZP,2778447828.9,119.52,118.66,120.09,119.1
2017-06-22 00:00:00,GAZP,3745408166.4,117.78,116.86,119.78,119.55
2017-06-21 00:00:00,GAZP,2778819254.1,117.5,116.84,118.32,117.97
2017-06-20 00:00:00,GAZP,3530289819.8,117.51,116.56,119,117.44
2017-06-19 00:00:00,GAZP,2539226029.7,116,115.79,117.45,117.33
2017-06-16 00:00:00,GAZP,4684144455.4,115.81,114.6,117.25,116.02
2017-06-15 00:00:00,GAZP,13753440185.8,115.29,111.46,115.75,115.49
2017-06-14 00:00:00,GAZP,5495541734,118.18,115.1,118.54,115.35
2017-06-13 00:00:00,GAZP,3703230840.3,120.08,118.15,120.38,118.15
2017-06-09 00:00:00,GAZP,2550925252.9,119.39,118.95,120.5,120.5
2017-06-08 00:00:00,GAZP,3273125811.4,119.15,117.82,120.11,119.3
2017-06-07 00:00:00,GAZP,3345641955.6,119.34,118.85,121.44,118.92
2017-06-06 00:00:00,GAZP,2172673314.7,119,118.66,120.24,119.05
2017-06-05 00:00:00,GAZP,2971218220.9,119.57,118.55,120.99,119
2017-06-02 00:00:00,GAZP,4515088178.6,117.86,116.55,119.69,119.69
2017-06-01 00:00:00,GAZP,5755865764.3,120.29,117.24,120.98,118
2017-05-31 00:00:00,GAZP,6670505282.7,122.21,119.4,122.78,120.28
2017-05-30 00:00:00,GAZP,1977719829.5,122.72,121.79,122.91,122.1
2017-05-29 00:00:00,GAZP,3015289538.5,122.4,122.11,123.83,123.11
2017-05-26 00:00:00,GAZP,2751667675.4,121.48,120.54,122.2,122.2
2017-05-25 00:00:00,GAZP,2988424270.6,122.39,120.75,122.47,121.61
2017-05-24 00:00:00,GAZP,3936334580.8,123.36,120.92,123.67,122
2017-05-23 00:00:00,GAZP,4230212226.9,122.6,121.96,123.71,123.23
2017-05-22 00:00:00,GAZP,4833470579,124.47,122.17,124.49,122.52
2017-05-19 00:00:00,GAZP,7210908542,127.32,124,127.4,124.19
2017-05-18 00:00:00,GAZP,10292659178.6,131.37,125.85,132.84,126.9
2017-05-17 00:00:00,GAZP,2314286423.8,130.98,130.6,132.18,132.07
2017-05-16 00:00:00,GAZP,2971482937.3,131.41,130.27,133.07,131.13
2017-05-15 00:00:00,GAZP,6107664432.3,132.79,129.28,133.92,131.5
2017-05-12 00:00:00,GAZP,3140539431.3,131.41,130.2,132.5,132.5
2017-05-11 00:00:00,GAZP,4847292495.4,134.56,130.37,134.75,131.1
2017-05-10 00:00:00,GAZP,3197456554.9,134.98,133.51,135.43,134.19
2017-05-05 00:00:00,GAZP,3518662012.2,133.68,132.91,134.94,134.41
2017-05-04 00:00:00,GAZP,4325571188.7,135.8,134.3,136.41,134.93
2017-05-03 00:00:00,GAZP,4521523368.5,136.46,135.1,138.09,135.81
2017-05-02 00:00:00,GAZP,4657638083.3,137.29,136.28,138.43,136.52
2017-04-28 00:00:00,GAZP,7209957075.2,136,135.05,137.77,136.75
2017-04-27 00:00:00,GAZP,13379453449,133.35,132.22,136.6,133.41
2017-04-26 00:00:00,GAZP,7626258940.7,130.2,130.01,134,133.43
2017-04-25 00:00:00,GAZP,7476661333,128.5,127.98,131.75,130.2
2017-04-24 00:00:00,GAZP,8421877862.2,123.56,123.38,128.4,128
2017-04-21 00:00:00,GAZP,3631022351.7,122.13,122.13,123.64,123
2017-04-20 00:00:00,GAZP,3999868204,121.3,120.55,121.99,121.99
2017-04-19 00:00:00,GAZP,3538331962.3,122.74,121.25,123.15,121.55
2017-04-18 00:00:00,GAZP,2721241456.7,124.1,122.03,124.39,122.22
2017-04-17 00:00:00,GAZP,2672150806.2,123,122.25,124.03,123.7
2017-04-14 00:00:00,GAZP,1817595498.8,124.29,122.63,124.37,122.85
2017-04-13 00:00:00,GAZP,5253651270.6,125.95,123.5,125.95,124.54
2017-04-12 00:00:00,GAZP,3640912320,127.05,124.62,127.45,125.05
2017-04-11 00:00:00,GAZP,4135367910.4,125.98,125.5,127.69,126
2017-04-10 00:00:00,GAZP,3780268808.6,128.06,125.81,128.4,126.16
2017-04-07 00:00:00,GAZP,3546416647.9,129.5,127.84,129.89,128.72
2017-04-06 00:00:00,GAZP,3074883388.6,130.18,129.55,130.93,130.5
2017-04-05 00:00:00,GAZP,4496715184.9,128.85,128.82,131.25,130.69
2017-04-04 00:00:00,GAZP,3368522617.9,127.5,126.8,128.9,128.81
2017-04-03 00:00:00,GAZP,2538119867.7,128.09,127.02,128.5,127.21
2017-03-31 00:00:00,GAZP,3715445823.9,128.49,126.8,128.64,127.9
2017-03-30 00:00:00,GAZP,3700562264.4,129.15,128.2,129.99,128.49
2017-03-29 00:00:00,GAZP,2041316824.9,129.12,128.55,129.78,128.81
2017-03-28 00:00:00,GAZP,3050307558.6,129,128.1,129.6,129.2
2017-03-27 00:00:00,GAZP,3714426914.6,129.41,127.41,129.47,128.8
2017-03-24 00:00:00,GAZP,2679871424,130.79,129.72,131.48,130.05
2017-03-23 00:00:00,GAZP,5213776413.5,131.8,130.22,132.94,130.99
2017-03-22 00:00:00,GAZP,4722230688.5,129.05,128.9,131.65,131.65
2017-03-21 00:00:00,GAZP,4909086500.2,129.02,128.51,130.42,129.3
2017-03-20 00:00:00,GAZP,3913494988.4,129.3,128.02,130.13,128.79
2017-03-17 00:00:00,GAZP,5539798025.7,128.19,128.01,130.42,128.94
2017-03-16 00:00:00,GAZP,6595528256.3,128.5,127.61,129.3,128.05
2017-03-15 00:00:00,GAZP,3973914667.4,129.22,127.2,129.69,127.6
2017-03-14 00:00:00,GAZP,5114517444.4,130,128.32,131.34,128.8
2017-03-13 00:00:00,GAZP,4430691952.7,128.51,127.82,130.55,129.93
2017-03-10 00:00:00,GAZP,4360726133.7,129.2,127.8,130.88,128.78
2017-03-09 00:00:00,GAZP,6947189830.3,132.05,128.81,133.26,129
2017-03-07 00:00:00,GAZP,3853022244.9,135.8,131.9,135.8,132.89
2017-03-06 00:00:00,GAZP,3793130303,134.84,134.32,135.97,134.6
2017-03-03 00:00:00,GAZP,5330175563.8,131.15,130.64,134.9,134.8
2017-03-02 00:00:00,GAZP,5671035285.2,134.05,131.3,135.1,131.3
2017-03-01 00:00:00,GAZP,5108403248.9,133.5,133,134.99,133.85
2017-02-28 00:00:00,GAZP,13183919790.3,135.7,132,135.89,134
2017-02-27 00:00:00,GAZP,3266218831.1,137.17,135.07,137.48,135.07
2017-02-24 00:00:00,GAZP,2341589812.9,136.51,135.6,137.2,136.75
2017-02-22 00:00:00,GAZP,3754409915.1,138.66,136.05,138.78,136.68
2017-02-21 00:00:00,GAZP,3014167600.9,138.6,138,139.6,138.35
2017-02-20 00:00:00,GAZP,3434121281.9,138.57,137.4,140.13,138.5
2017-02-17 00:00:00,GAZP,4440966749.6,139.27,137.23,139.42,138.12
2017-02-16 00:00:00,GAZP,4609997206.7,139.92,138.01,140.3,139.16
2017-02-15 00:00:00,GAZP,5177542632.1,140.49,138.92,141.5,139.72
2017-02-14 00:00:00,GAZP,2843270357.7,141.25,139.85,141.49,140.62
2017-02-13 00:00:00,GAZP,3667465841.4,141.1,140.02,142.67,141.2
2017-02-10 00:00:00,GAZP,5828750802.6,142.87,140.5,143.14,140.5
2017-02-09 00:00:00,GAZP,7457286385.8,145.35,141.57,145.6,142.11
2017-02-08 00:00:00,GAZP,9376858879.6,148.12,143.9,148.22,145.2
2017-02-07 00:00:00,GAZP,2053317349.6,148.5,147.6,148.7,148.7
2017-02-06 00:00:00,GAZP,3275458132,149.4,147.63,149.7,148.5
2017-02-03 00:00:00,GAZP,3107987944.9,148.85,148.37,150.2,149.35
2017-02-02 00:00:00,GAZP,3063868484.2,149.8,148.15,150.45,148.8
2017-02-01 00:00:00,GAZP,3122375388.5,150,148.32,150.38,149.65
2017-01-31 00:00:00,GAZP,4243436208.4,150.54,149.15,151.42,149.8
2017-01-30 00:00:00,GAZP,3267047121.8,153.8,150.35,153.9,150.8
2017-01-27 00:00:00,GAZP,5681462894,150.4,149.91,154.53,154.09
2017-01-26 00:00:00,GAZP,3960935508.7,147.74,147.16,151.28,150.49
2017-01-25 00:00:00,GAZP,4542696056.3,150.5,147.15,150.87,147.65
2017-01-24 00:00:00,GAZP,3342951816.3,148.25,148.25,150.5,150.15
2017-01-23 00:00:00,GAZP,3329295456.5,149.9,147.1,149.9,148.1
2017-01-20 00:00:00,GAZP,4962542510.9,150.85,147.7,151.2,149.7
2017-01-19 00:00:00,GAZP,6297816854.8,153.3,148.23,153.56,150.85
2017-01-18 00:00:00,GAZP,2488511325.1,154.2,152.65,154.59,152.86
2017-01-17 00:00:00,GAZP,3997921294.9,155.6,153.01,156.5,153.65
2017-01-16 00:00:00,GAZP,2655147990.4,157.99,155.58,158.2,155.81
2017-01-13 00:00:00,GAZP,3659549744.5,157.48,155.77,158.3,157.95
2017-01-12 00:00:00,GAZP,3786617512.4,158.48,155.53,158.48,157.25
2017-01-11 00:00:00,GAZP,3247190888.8,157.5,155.81,158.5,157.01
2017-01-10 00:00:00,GAZP,4088862817.8,154.01,154,158.02,157.97
2017-01-09 00:00:00,GAZP,2000207575.9,154.2,153.3,155.5,154.4
2017-01-06 00:00:00,GAZP,1885748677.3,154.15,152.05,154.47,154.1
2017-01-05 00:00:00,GAZP,3946055510.2,157.44,153.17,158.7,154
2017-01-04 00:00:00,GAZP,2425764171,156.84,155.76,157.44,157.44
2017-01-03 00:00:00,GAZP,3883172561.9,154.46,154.12,158.2,157.7
2016-12-30 00:00:00,GAZP,2413099444.9,153,152.6,154.55,154.55
2016-12-29 00:00:00,GAZP,2246718131.2,150.74,149.9,153.29,152.62
2016-12-28 00:00:00,GAZP,2580915746.8,150.74,149.6,152.6,151
2016-12-27 00:00:00,GAZP,1449719891.8,149.05,149.05,151.03,150.38
2016-12-26 00:00:00,GAZP,1048469077.6,149,148.8,149.86,148.95
2016-12-23 00:00:00,GAZP,3724152164.8,150.28,147.22,151.19,149.05
2016-12-22 00:00:00,GAZP,4501239613.6,153.49,149.72,153.49,150.27
2016-12-21 00:00:00,GAZP,3506410069.1,155.69,153.01,156.73,153.06
2016-12-20 00:00:00,GAZP,4336877672.6,154.51,153.76,155.95,155.3
2016-12-19 00:00:00,GAZP,2744278614,157.18,154.6,157.75,154.6
2016-12-16 00:00:00,GAZP,4997123653.1,158.48,156.2,158.88,156.2
2016-12-15 00:00:00,GAZP,8220216842.3,155.77,155.77,158.3,158.25
2016-12-14 00:00:00,GAZP,7175850970.3,159.01,155.3,160.62,157.2
2016-12-13 00:00:00,GAZP,6846348630.2,158.35,157.72,159.2,158.95
2016-12-12 00:00:00,GAZP,13125154818.1,154.15,154.03,159.82,158.63
2016-12-09 00:00:00,GAZP,4097498554.9,153.5,152.18,153.83,152.99
2016-12-08 00:00:00,GAZP,4798383832.5,152.49,151.89,153.7,153.05
2016-12-07 00:00:00,GAZP,3558488712.9,151.56,150.92,152.61,151.95
2016-12-06 00:00:00,GAZP,5431355916,153.97,151.27,154.55,151.5
2016-12-05 00:00:00,GAZP,5379462064.6,152.17,152.09,153.99,153.78
2016-12-02 00:00:00,GAZP,4137881993.3,152.81,151.8,153.64,152.35
2016-12-01 00:00:00,GAZP,8724061983.1,149.54,149.54,153.7,152.81
2016-11-30 00:00:00,GAZP,6624652445.9,148,147.6,151.12,148.8
2016-11-29 00:00:00,GAZP,3141157934.6,148.83,147.34,149.49,147.75
2016-11-28 00:00:00,GAZP,3643476891.4,151.18,148.39,151.48,148.94
2016-11-25 00:00:00,GAZP,2698302673.7,150.94,149.5,151.6,151.31
2016-11-24 00:00:00,GAZP,3951318726.7,149.53,149.35,152.25,151.11
2016-11-23 00:00:00,GAZP,2891139492.3,150.24,148.56,150.38,149.49
2016-11-22 00:00:00,GAZP,3986691592.2,150.2,149.06,150.83,150
2016-11-21 00:00:00,GAZP,3896421482.4,147.6,147.6,149.85,149.6
2016-11-18 00:00:00,GAZP,2159377688.7,147.51,146.74,148.29,146.96
2016-11-17 00:00:00,GAZP,4151412694.7,145.82,145.32,147.78,147.7
2016-11-16 00:00:00,GAZP,6018316509.9,147.07,145.14,148.8,145.5
2016-11-15 00:00:00,GAZP,3488436601.9,146.5,145.6,148,145.9
2016-11-14 00:00:00,GAZP,4661568704.8,148.6,145.96,149.67,146.26
2016-11-11 00:00:00,GAZP,6721771942,147.4,145.79,149.5,147.88
2016-11-10 00:00:00,GAZP,15388700308.4,146.45,145.75,151.3,147.4
2016-11-09 00:00:00,GAZP,11343564179.2,138,137.55,145.62,145.62
2016-11-08 00:00:00,GAZP,2916544955.4,138.86,138.81,140.98,139.32
2016-11-07 00:00:00,GAZP,3283526908.7,140.5,138.5,140.96,138.5
2016-11-03 00:00:00,GAZP,3485709964.4,140.5,139.3,141.3,139.9
2016-11-02 00:00:00,GAZP,6122499694.8,141.49,140.03,143.64,140.81
2016-11-01 00:00:00,GAZP,6943744566,139.12,139.01,142.44,141.98
2016-10-31 00:00:00,GAZP,5931380591.8,136.3,136.16,139.44,138.84
2016-10-28 00:00:00,GAZP,1344279984.1,135,134.4,135.04,135
2016-10-27 00:00:00,GAZP,1664944125.2,135.32,134.62,135.64,135.04
2016-10-26 00:00:00,GAZP,1612408475.9,135.11,134.55,135.7,135.32
2016-10-25 00:00:00,GAZP,2095497492.6,135.25,134.88,135.97,135.3
2016-10-24 00:00:00,GAZP,2072552650.8,135.24,134.75,136.14,135.05
2016-10-21 00:00:00,GAZP,2088233100.3,135.1,133.95,135.35,134.96
2016-10-20 00:00:00,GAZP,1673687803,135.79,134.7,135.79,134.72
2016-10-19 00:00:00,GAZP,1601688078.8,136.11,134.7,136.16,135.49
2016-10-18 00:00:00,GAZP,2586769013.3,136,135.41,136.46,135.81
2016-10-17 00:00:00,GAZP,2010355584.7,136.1,135.3,136.43,135.57
2016-10-14 00:00:00,GAZP,1767433303.2,137.55,135.83,137.86,136.2
2016-10-13 00:00:00,GAZP,2076492876.9,137.7,136.57,137.88,137.47
2016-10-12 00:00:00,GAZP,4443089309.9,138.52,137.55,140.23,138.07
2016-10-11 00:00:00,GAZP,4499791926.3,139.14,138.18,139.8,138.98
2016-10-10 00:00:00,GAZP,4742758597.4,136.17,135.75,139.5,139.1
2016-10-07 00:00:00,GAZP,2785280592.3,135.89,135.2,136.75,136.1
2016-10-06 00:00:00,GAZP,2663083613,134.88,134.1,136.24,135.9
2016-10-05 00:00:00,GAZP,2899806784.3,136.31,134.25,136.32,134.8
2016-10-04 00:00:00,GAZP,2673581106.8,135.5,135.05,136.75,136.23
2016-10-03 00:00:00,GAZP,2662221538.1,135.1,134.8,136.69,135.37
2016-09-30 00:00:00,GAZP,3205127920.9,135,134.26,135.95,134.9
2016-09-29 00:00:00,GAZP,3248132010.5,135.4,135,136.8,135.31
2016-09-28 00:00:00,GAZP,2583723499.7,134.58,133.57,134.9,134.09
2016-09-27 00:00:00,GAZP,3242721435,135.51,133.88,135.58,133.92
2016-09-26 00:00:00,GAZP,3451479892.6,136.39,134.8,136.39,135.26
2016-09-23 00:00:00,GAZP,3970725114,136.2,135.26,137.84,136.7
2016-09-22 00:00:00,GAZP,3947812281.5,136.89,135.23,137.05,136.7
2016-09-21 00:00:00,GAZP,2173240980.2,137.21,135.5,137.48,136.25
2016-09-20 00:00:00,GAZP,2461084297.2,136.2,135.18,137.02,137
2016-09-19 00:00:00,GAZP,2304685541.5,136.87,136.12,138.15,136.59
2016-09-16 00:00:00,GAZP,3950549679.1,137.7,134.73,138,136.47
2016-09-15 00:00:00,GAZP,3324003395.9,139.25,136.55,139.25,137.6
2016-09-14 00:00:00,GAZP,3169533064.4,138.17,137.64,139.57,139.35
2016-09-13 00:00:00,GAZP,2255597503.3,138.76,138,139.72,138.45
2016-09-12 00:00:00,GAZP,3614961067.7,137.5,136.53,139.59,138.93
2016-09-09 00:00:00,GAZP,3455881623.6,140.9,138.54,140.9,138.54
2016-09-08 00:00:00,GAZP,4148098572,143.66,140.77,143.83,141.45
2016-09-07 00:00:00,GAZP,7040213144.9,141.8,141.42,143.45,143.08
2016-09-06 00:00:00,GAZP,8415557908,136.87,136.61,141.4,141.4
2016-09-05 00:00:00,GAZP,3166588367.3,136.28,135.76,137.19,136.05
2016-09-02 00:00:00,GAZP,2125716295.4,135.29,134.8,136.35,135.55
2016-09-01 00:00:00,GAZP,2845535651,135.01,134.27,135.87,134.99
2016-08-31 00:00:00,GAZP,4072224476.1,135.55,134,135.81,134.95
2016-08-30 00:00:00,GAZP,2215001346.7,136.2,135.5,136.84,135.59
2016-08-29 00:00:00,GAZP,1415027670.8,135.43,134.5,136.2,136.2
2016-08-26 00:00:00,GAZP,2825974983.8,135.2,134.32,136.4,136.2
2016-08-25 00:00:00,GAZP,2841225149.9,136.5,134.5,136.74,135.42
2016-08-24 00:00:00,GAZP,1847846895.7,137.24,136.26,137.43,137
2016-08-23 00:00:00,GAZP,1937463379.7,137.3,136.76,137.9,137.37
2016-08-22 00:00:00,GAZP,1791530687.9,136.78,136.04,137.81,137.8
2016-08-19 00:00:00,GAZP,2094392291.1,138.49,136.8,138.78,136.8
2016-08-18 00:00:00,GAZP,2661272407.1,137.5,137.33,138.49,138.4
2016-08-17 00:00:00,GAZP,2492234241.7,137.99,136.26,137.99,137.68
2016-08-16 00:00:00,GAZP,4008854616,138,137.18,139.37,137.99
2016-08-15 00:00:00,GAZP,2867940418,138.04,137.37,138.7,138
2016-08-12 00:00:00,GAZP,2850801858.9,137.4,137.03,138.4,137.83
2016-08-11 00:00:00,GAZP,3164942204.7,137.04,136.05,137.49,137.19
2016-08-10 00:00:00,GAZP,2954713915,137.39,137,138.65,137.4
2016-08-09 00:00:00,GAZP,3077240411.8,137.11,136.93,138.39,137.34
2016-08-08 00:00:00,GAZP,3040952503.2,136,135.72,137.5,137.47
2016-08-05 00:00:00,GAZP,3176961049.2,136.6,134.65,137.33,135.5
2016-08-04 00:00:00,GAZP,3497775991.5,134.9,134.89,136.7,136.7
2016-08-03 00:00:00,GAZP,3404385697.7,134.5,133.2,134.9,134.04
2016-08-02 00:00:00,GAZP,3520783305.1,137,134.2,137.1,134.5
2016-08-01 00:00:00,GAZP,2802969254.8,137.73,136.65,138.69,136.93
2016-07-29 00:00:00,GAZP,4912354147.9,139.5,136.54,139.64,137.3
2016-07-28 00:00:00,GAZP,3465883789.1,139.05,138.61,140.46,139.9
2016-07-27 00:00:00,GAZP,3603723526.9,140.2,138.35,140.85,139.5
2016-07-26 00:00:00,GAZP,2496670177,140.94,139.53,141.11,140.69
2016-07-25 00:00:00,GAZP,2507363940.8,140.6,139.9,141.98,140.7
2016-07-22 00:00:00,GAZP,2054246281,139.7,139.7,141.3,140.6
2016-07-21 00:00:00,GAZP,2435692108.9,140,139.11,140.95,140.1
2016-07-20 00:00:00,GAZP,3325968334.6,139.48,137.82,139.95,139.26
2016-07-19 00:00:00,GAZP,5473204683.3,139.01,138.18,140,139.48
2016-07-18 00:00:00,GAZP,4820831215.8,147.4,145.12,148.25,145.84
2016-07-15 00:00:00,GAZP,5771065814.2,143.95,143.7,147.37,147.37
2016-07-14 00:00:00,GAZP,3557763105,143.51,142.52,144.24,144.2
2016-07-13 00:00:00,GAZP,4008744860.5,142.01,141.8,144.14,143.6
2016-07-12 00:00:00,GAZP,4323433741.2,141.6,141.38,142.9,142.12
2016-07-11 00:00:00,GAZP,2353175725.7,140.8,140.33,141.5,141.4
2016-07-08 00:00:00,GAZP,3063792202.1,139.52,138.84,140.9,140.27
2016-07-07 00:00:00,GAZP,3289114603.4,140.31,139.75,141.85,140.37
2016-07-06 00:00:00,GAZP,2678073708,140.94,139.2,141.15,139.99
2016-07-05 00:00:00,GAZP,2380789055.8,141.7,139.9,141.8,140.95
2016-07-04 00:00:00,GAZP,2711183376.3,140.75,140.09,142.35,141.6
2016-07-01 00:00:00,GAZP,2183300130.4,139.81,138.92,140.79,140.05
2016-06-30 00:00:00,GAZP,3460938315.7,140.01,139.43,141.89,139.51
2016-06-29 00:00:00,GAZP,2401864565.4,139.6,139.2,140.83,140
2016-06-28 00:00:00,GAZP,3155774445.8,139.2,138.55,140.12,139.24
2016-06-27 00:00:00,GAZP,3342004935.5,141.03,138.52,141.74,138.52
2016-06-24 00:00:00,GAZP,6530507755.4,139.81,136.87,141.29,141.25
2016-06-23 00:00:00,GAZP,2847351629.6,143,141.34,144.2,144.2
2016-06-22 00:00:00,GAZP,2782341415.3,143.7,142.69,144.2,143
2016-06-21 00:00:00,GAZP,3141306538.8,142.98,141.2,143.85,143.54
2016-06-20 00:00:00,GAZP,2927973098.2,141.14,141.07,143.64,142.97
2016-06-17 00:00:00,GAZP,4582832958.7,140.28,139.32,142.25,139.32
2016-06-16 00:00:00,GAZP,4287088653.7,141,138.4,141.55,139.5
2016-06-15 00:00:00,GAZP,4411096468.6,141.9,140.19,142.6,141.57
2016-06-14 00:00:00,GAZP,3405067293.4,142.35,140.38,143.13,141.84
2016-06-10 00:00:00,GAZP,3193570601.1,144.7,142.44,144.75,142.44
2016-06-09 00:00:00,GAZP,2744449873.3,147,144.25,147,144.98
2016-06-08 00:00:00,GAZP,4316372125.6,148.04,145.43,149.14,146.95
2016-06-07 00:00:00,GAZP,3711245539,146.43,146,148.9,147.75
2016-06-06 00:00:00,GAZP,3088067448.6,144.33,144.23,147,146.4
2016-06-03 00:00:00,GAZP,4828378672.4,144.35,142.7,145.43,143.41
2016-06-02 00:00:00,GAZP,3422777493.4,144.86,142.85,145.64,144
2016-06-01 00:00:00,GAZP,4200373750.7,145.9,143.63,146.71,144.7
2016-05-31 00:00:00,GAZP,6135210263.8,149.74,145.5,150.29,145.5
2016-05-30 00:00:00,GAZP,2213096650,149.97,147.76,150.15,149.6
2016-05-27 00:00:00,GAZP,4498906633.4,148.8,147.58,149.88,149.88
2016-05-26 00:00:00,GAZP,5130776982.8,147.34,146.63,149.88,148.87
2016-05-25 00:00:00,GAZP,4610722170.3,146.9,146.34,148.37,146.55
2016-05-24 00:00:00,GAZP,3483710737.4,144.95,144.46,146.8,146.35
2016-05-23 00:00:00,GAZP,3931467168.2,145.99,143.83,146.47,144.31
2016-05-20 00:00:00,GAZP,5913510445.5,149.37,145.64,149.56,146.7
2016-05-19 00:00:00,GAZP,10315176495.1,151.25,148.33,155.55,148.33
2016-05-18 00:00:00,GAZP,3519787258.5,153.5,151.8,153.5,152.1
2016-05-17 00:00:00,GAZP,9953542480,155.1,150.6,156,153.58
2016-05-16 00:00:00,GAZP,5275898731.7,159.98,157.5,162.54,158.07
2016-05-13 00:00:00,GAZP,3232152012.2,159.3,157.32,160.18,159.85
2016-05-12 00:00:00,GAZP,4241978876.2,160.95,159.03,162.34,159.03
2016-05-11 00:00:00,GAZP,4696040929.8,157.24,156.7,160.49,159.45
2016-05-10 00:00:00,GAZP,4557787753.7,158.78,156.15,161.15,156.85
2016-05-06 00:00:00,GAZP,4197402255.9,160.7,158.55,160.9,159.27
2016-05-05 00:00:00,GAZP,4859753950.3,161.3,160.07,163.24,160.5
2016-05-04 00:00:00,GAZP,11186286688.6,166.37,158.25,170.43,162.4
2016-04-29 00:00:00,GAZP,11863365588.6,164.6,163.42,169.47,168.47
2016-04-28 00:00:00,GAZP,8413931789.3,161.03,158.9,164.75,164.75
2016-04-27 00:00:00,GAZP,6362362261.1,163.88,159.3,164.8,160.99
2016-04-26 00:00:00,GAZP,5617139085.8,159.82,159.31,163.32,163
2016-04-25 00:00:00,GAZP,5124218355.3,160.81,158.61,161.75,160.3
2016-04-22 00:00:00,GAZP,5746595653,162.11,158.25,162.45,161.2
2016-04-21 00:00:00,GAZP,10364622762.7,164.76,157.61,164.76,161.8
2016-04-20 00:00:00,GAZP,15625310876.4,155.88,155.82,162.3,161.95
2016-04-19 00:00:00,GAZP,16060047744.5,146.5,146.2,156.14,155.95
2016-04-18 00:00:00,GAZP,6091969474.4,146,143.28,146.77,146.3
2016-04-15 00:00:00,GAZP,4357177240.5,150.69,147.02,150.71,147.99
2016-04-14 00:00:00,GAZP,7630418429.9,153.34,149.16,154.9,150.43
2016-04-13 00:00:00,GAZP,8996776430.6,149.1,148.88,154.75,153.12
2016-04-12 00:00:00,GAZP,5551181647.2,147.3,146.04,149.35,148.9
2016-04-11 00:00:00,GAZP,4704162368.8,145.7,145.1,147.5,147.3
2016-04-08 00:00:00,GAZP,3423901600.6,144.22,144.1,146,145.7
2016-04-07 00:00:00,GAZP,3138400708.7,144.93,143.05,145.5,143.89
2016-04-06 00:00:00,GAZP,3486127757,144.87,144.03,145.5,144.2
2016-04-05 00:00:00,GAZP,3355760985.1,145.1,143.57,145.35,144.34
2016-04-04 00:00:00,GAZP,4251198953.7,147.2,145.35,147.5,146.38
2016-04-01 00:00:00,GAZP,5323409209.7,147.02,143.93,147.5,147.2
2016-03-31 00:00:00,GAZP,5157297127.2,147.5,146.05,148.17,147.75
2016-03-30 00:00:00,GAZP,5052883247.1,145.21,144.52,149.09,147.8
2016-03-29 00:00:00,GAZP,3544806092.6,144.75,142.86,145.16,144.7
2016-03-28 00:00:00,GAZP,1912750491,146.52,144.6,147.5,145.1
2016-03-25 00:00:00,GAZP,1118207070.2,146.3,145.82,146.89,146.04
2016-03-24 00:00:00,GAZP,3572537970.9,145.2,144.49,145.95,145.8
2016-03-23 00:00:00,GAZP,4777039533.7,149.14,145.07,149.53,146
2016-03-22 00:00:00,GAZP,5578510735.6,149.99,147.8,150.64,149.62
2016-03-21 00:00:00,GAZP,6090342792.4,149.57,147.75,149.92,149.9
2016-03-18 00:00:00,GAZP,7832234665.8,147.22,146.56,150.74,150.65
2016-03-17 00:00:00,GAZP,6907501097.2,145.61,145.08,147.4,147.27
2016-03-16 00:00:00,GAZP,3444945349.1,142.99,142.72,144.75,144.75
2016-03-15 00:00:00,GAZP,6723391354.6,143.4,142.06,144.45,142.54
2016-03-14 00:00:00,GAZP,4026166714.6,144.47,141.91,144.71,143.2
2016-03-11 00:00:00,GAZP,5243887958.1,147.01,143.6,147.2,144.3
2016-03-10 00:00:00,GAZP,4622412823.8,148.04,146.16,148.56,146.94
2016-03-09 00:00:00,GAZP,6950120577,149.02,146.07,149.93,147.43
2016-03-07 00:00:00,GAZP,4163565663.2,146.86,146.64,150.15,150.15
2016-03-04 00:00:00,GAZP,4867902801.2,144.6,143.76,146.16,146.16
2016-03-03 00:00:00,GAZP,6971631880.1,140.61,140.5,144.5,144.5
2016-03-02 00:00:00,GAZP,3861716810.5,142.6,139.75,143.07,140.14
2016-03-01 00:00:00,GAZP,4291643839,141.89,140.85,142.75,142
2016-02-29 00:00:00,GAZP,5305443096.1,137.89,137.5,141.52,141.4
2016-02-26 00:00:00,GAZP,4557322139.7,138.8,138,139.98,138.67
2016-02-25 00:00:00,GAZP,4887885446.3,137.7,135.55,139.46,137.97
2016-02-24 00:00:00,GAZP,3812830760.8,138.56,136.25,138.75,137.15
2016-02-22 00:00:00,GAZP,2673831854.4,136.99,136.62,139.95,139.9
2016-02-20 00:00:00,GAZP,827348101.5,136.51,136.31,137.55,136.59
2016-02-19 00:00:00,GAZP,3478771534.6,137.29,135.62,137.29,136.9
2016-02-18 00:00:00,GAZP,4415916246.6,137.4,137.11,138.9,138
2016-02-17 00:00:00,GAZP,4275710007.7,135.5,135.05,137.2,137.1
2016-02-16 00:00:00,GAZP,6676543647.8,134.5,133.95,136.45,135.85
2016-02-15 00:00:00,GAZP,3254872399.5,132.01,132.01,133.9,133.43
2016-02-12 00:00:00,GAZP,3553604873.7,131.17,130.71,132.23,131.3
2016-02-11 00:00:00,GAZP,5762020964,132.87,129.31,133.08,130.49
2016-02-10 00:00:00,GAZP,3540756851,132.06,131.8,133.92,133.03
2016-02-09 00:00:00,GAZP,4141328866.3,132.98,132.45,135.19,132.7
2016-02-08 00:00:00,GAZP,4091707290.6,134.3,132.15,134.97,133.5
2016-02-05 00:00:00,GAZP,3287211287.8,134.5,133.91,136.2,134.43
2016-02-04 00:00:00,GAZP,5148637616.8,133.16,132.62,135.25,135.07
2016-02-03 00:00:00,GAZP,4031242124.4,131.9,130.91,133,131.01
2016-02-02 00:00:00,GAZP,4837959914.1,133.05,132.09,135.28,132.5
2016-02-01 00:00:00,GAZP,4279530758.8,136.01,132.82,136.34,133.9
2016-01-29 00:00:00,GAZP,5641252425.4,137,133.33,137.2,136.6
2016-01-28 00:00:00,GAZP,5430199136.7,133.9,133.15,136.5,136.5
2016-01-27 00:00:00,GAZP,3808486962.7,132.14,131.85,134,134
2016-01-26 00:00:00,GAZP,3447797410.1,131,130.34,132.45,131.89
2016-01-25 00:00:00,GAZP,4011949514.3,133.14,130.68,133.19,133
2016-01-22 00:00:00,GAZP,7531567705.9,129.99,128.34,132.98,132.4
2016-01-21 00:00:00,GAZP,4355065396.3,126.01,125.55,128.09,127.75
2016-01-20 00:00:00,GAZP,4393925038.3,123.6,122.8,125.83,125.83
2016-01-19 00:00:00,GAZP,4634103855.6,125.52,125.3,128.4,125.98
2016-01-18 00:00:00,GAZP,4487869315.2,124.8,122.75,126.3,124.6
2016-01-15 00:00:00,GAZP,7939686033.9,130.31,125.05,132.43,125.1
2016-01-14 00:00:00,GAZP,5728217097.2,130.99,129.01,131.49,130.86
2016-01-13 00:00:00,GAZP,4090334999.6,134.17,131.2,134.48,131.3
2016-01-12 00:00:00,GAZP,5292858326.4,130.4,130.1,135.25,133.54
2016-01-11 00:00:00,GAZP,4489337402.4,133,131.1,133.65,131.38
2016-01-06 00:00:00,GAZP,1413184008.6,136.31,135.3,136.93,135.94
2016-01-05 00:00:00,GAZP,1942156625.5,134.66,134.61,137.28,136.45
2016-01-04 00:00:00,GAZP,1677415855.6,135.89,134.42,136.65,134.91
2015-12-30 00:00:00,GAZP,2396125726.4,137.49,135.45,137.49,136.09
2015-12-29 00:00:00,GAZP,2931862787,135.26,134.74,137.55,137.49
2015-12-28 00:00:00,GAZP,1587679768,134.35,133.76,135.4,134.97
2015-12-25 00:00:00,GAZP,2003497368.1,136.49,134.03,136.49,134.48
2015-12-24 00:00:00,GAZP,5029863662,135.85,134.45,138.08,136
2015-12-23 00:00:00,GAZP,3600643429.9,133.55,133.35,135.3,135.3
2015-12-22 00:00:00,GAZP,2657101834.7,132,131.81,133.54,133.2
2015-12-21 00:00:00,GAZP,3759044863.4,132,131,133.94,131.5
2015-12-18 00:00:00,GAZP,5170090516,137.29,132.25,137.39,132.25
2015-12-17 00:00:00,GAZP,6225135865.5,134.65,134.65,138.69,137.9
2015-12-16 00:00:00,GAZP,2769520451.6,134.5,133.95,135.17,134.5
2015-12-15 00:00:00,GAZP,4203899544.1,132.24,132.1,134.9,134.4
2015-12-14 00:00:00,GAZP,4520560677.2,133.09,130.9,133.18,131.59
2015-12-11 00:00:00,GAZP,3673610194.8,135.17,132.5,135.6,133.8
2015-12-10 00:00:00,GAZP,3525280700.3,135.65,135,136.82,135.6
2015-12-09 00:00:00,GAZP,3477006761.1,134.93,134.4,136.2,135.81
2015-12-08 00:00:00,GAZP,4796054451.2,134.31,133.28,135.56,134.65
2015-12-07 00:00:00,GAZP,5081799025.2,137.51,134.3,138.58,134.5
2015-12-04 00:00:00,GAZP,5156289486,140.4,137,141.6,137.7
2015-12-03 00:00:00,GAZP,5829079900.6,136.56,136.53,140.66,140
2015-12-02 00:00:00,GAZP,3899100822.1,137.51,136.3,139.45,136.85
2015-12-01 00:00:00,GAZP,3511817077.5,140,136.88,140,137.42
2015-11-30 00:00:00,GAZP,5580945517.2,140.35,138,142.47,138
2015-11-27 00:00:00,GAZP,4207901541.5,143,140.62,143.1,140.65
2015-11-26 00:00:00,GAZP,4542294798.5,144.27,141.86,146.21,143.2
2015-11-25 00:00:00,GAZP,6285080261.1,146,142.26,147.07,143.99
2015-11-24 00:00:00,GAZP,8910320693.2,151.82,144.7,152.84,145.65
2015-11-23 00:00:00,GAZP,6393304608.6,147.87,145.88,152,152
2015-11-20 00:00:00,GAZP,4518869591.9,146.11,144.74,148.91,148.05
2015-11-19 00:00:00,GAZP,9119826887.4,148.14,145.17,149.98,147.5
2015-11-18 00:00:00,GAZP,7520228470.5,142.84,141.78,147.95,147.47
2015-11-17 00:00:00,GAZP,8705684046.2,138.27,137.82,143.5,142.75
2015-11-16 00:00:00,GAZP,4919174522.9,136.45,135.6,139.2,137.21
2015-11-13 00:00:00,GAZP,3943874224.1,136.44,135.7,137.36,136
2015-11-12 00:00:00,GAZP,6876343909,135.02,134.53,138.87,136.6
2015-11-11 00:00:00,GAZP,4155416572.1,136,134.6,136.65,135
2015-11-10 00:00:00,GAZP,3696859258.8,136.49,135.32,136.95,135.58
2015-11-09 00:00:00,GAZP,3570758741.2,138.1,135.7,138.34,136.5
2015-11-06 00:00:00,GAZP,4886881330,140.91,137.3,142.3,137.75
2015-11-05 00:00:00,GAZP,5213235340.3,141.9,140.48,142.94,140.97
2015-11-03 00:00:00,GAZP,5374621139.8,137.6,137.41,142,141.75
2015-11-02 00:00:00,GAZP,3147749416.3,135.49,135.12,137.8,137.8
2015-10-30 00:00:00,GAZP,3232833159.2,136.11,135.18,136.66,135.75
2015-10-29 00:00:00,GAZP,3816468592.5,138.25,135.52,138.3,136.11
2015-10-28 00:00:00,GAZP,4954294357,138.35,135.8,138.35,138.1
2015-10-27 00:00:00,GAZP,4921635852.5,137.39,135.66,138.5,138.5
2015-10-26 00:00:00,GAZP,4558364961.7,139.1,136.65,139.99,138.5
2015-10-23 00:00:00,GAZP,4200926650.7,139.71,138.5,140.19,138.94
2015-10-22 00:00:00,GAZP,3493242859.9,139.39,138.88,140.17,139.25
2015-10-21 00:00:00,GAZP,4521347350.2,140.36,138.2,140.64,139.49
2015-10-20 00:00:00,GAZP,4039854293,140.74,138.6,140.77,140.4
2015-10-19 00:00:00,GAZP,3896662964.1,140.77,138.62,141.52,140.27
2015-10-16 00:00:00,GAZP,4118896371.2,143.97,140.2,144.16,141
2015-10-15 00:00:00,GAZP,3264557900.7,142.39,142.21,144.16,142.61
2015-10-14 00:00:00,GAZP,3629761495.5,141.11,140.5,143.36,142.01
2015-10-13 00:00:00,GAZP,4433147349.2,141,138.81,141.8,141.8
2015-10-12 00:00:00,GAZP,4180095582.6,143.89,140.72,144.99,141.7
2015-10-09 00:00:00,GAZP,9264073225.5,140.6,140.6,145.32,143.81
2015-10-08 00:00:00,GAZP,5845071304.7,139.35,138.35,141.15,139.8
2015-10-07 00:00:00,GAZP,5929088805,138.16,136.75,140,140
2015-10-06 00:00:00,GAZP,5284286358.5,137,135.17,137.9,137.87
2015-10-05 00:00:00,GAZP,5245047450.7,132.5,132.27,136.8,136.8
2015-10-02 00:00:00,GAZP,3547312439.7,132.47,131.02,133.17,131.5
2015-10-01 00:00:00,GAZP,4543461802.4,134.7,131.51,135.6,132.9
2015-09-30 00:00:00,GAZP,5852752607.4,133.8,132.8,135.73,134.55
2015-09-29 00:00:00,GAZP,4062725756.8,130.42,130.36,134.06,133.2
2015-09-28 00:00:00,GAZP,4063507081.3,134.1,130.37,134.27,130.9
2015-09-25 00:00:00,GAZP,4762762665.5,132.61,132.54,134.55,133.85
2015-09-24 00:00:00,GAZP,5018806134.6,134.67,131.5,134.78,132.2
2015-09-23 00:00:00,GAZP,6114601974.8,136.5,133.38,136.88,134.3
2015-09-22 00:00:00,GAZP,5012571893.9,139.76,135.68,139.76,136.4
2015-09-21 00:00:00,GAZP,2901329269.8,140.13,138.82,140.84,139.45
2015-09-18 00:00:00,GAZP,6232013934.5,143.34,139.1,143.4,139.5
2015-09-17 00:00:00,GAZP,2041178945.7,143,142.31,143.27,142.8
2015-09-16 00:00:00,GAZP,3914960054.8,142.45,141.6,143.17,142.91
2015-09-15 00:00:00,GAZP,3471314295.8,143.51,141.45,143.8,141.95
2015-09-14 00:00:00,GAZP,2944804974.5,142.25,142.1,143.87,143.58
2015-09-11 00:00:00,GAZP,3605123249.8,143.26,141.2,143.5,142.4
2015-09-10 00:00:00,GAZP,3555339215.9,143.6,142.35,144.78,142.99
2015-09-09 00:00:00,GAZP,3060661700.8,144.5,144.11,145.4,144.22
2015-09-08 00:00:00,GAZP,3201444762.4,142.27,142.23,144.39,143.21
2015-09-07 00:00:00,GAZP,2553726139,142.51,141.32,143.4,141.67
2015-09-04 00:00:00,GAZP,3729631645,144.9,142.17,145.13,142.8
2015-09-03 00:00:00,GAZP,4060065100.7,143.61,142.7,145.95,145.3
2015-09-02 00:00:00,GAZP,4836468255.8,144.1,142.25,145.5,142.57
2015-09-01 00:00:00,GAZP,5136165825.9,148.19,143.7,148.2,144.5
2015-08-31 00:00:00,GAZP,4228182843.2,145.89,145.16,148.19,148.19
2015-08-28 00:00:00,GAZP,5578715116.3,145.3,143.04,147.35,146.6
2015-08-27 00:00:00,GAZP,4678376905.7,141.9,141.59,144.8,144.6
2015-08-26 00:00:00,GAZP,4844153641.7,140.29,138.51,141.95,140.51
2015-08-25 00:00:00,GAZP,6157708829.4,135.72,135.72,141,140.4
2015-08-24 00:00:00,GAZP,7044996557.1,139,134.1,139,135.35
2015-08-21 00:00:00,GAZP,3677582472.8,141.55,140.21,143,140.29
2015-08-20 00:00:00,GAZP,5032343757.9,140.1,139.82,143,142.64
2015-08-19 00:00:00,GAZP,4374879807.2,142.5,139.8,143.6,140.8
2015-08-18 00:00:00,GAZP,2931816855.8,143.61,141.7,143.9,142.65
2015-08-17 00:00:00,GAZP,3492431181.6,144.5,142.76,144.89,144.25
2015-08-14 00:00:00,GAZP,3640357272.5,143.7,142.9,145.45,144.8
2015-08-13 00:00:00,GAZP,3644553022.6,143.3,142.72,144.5,143.7
2015-08-12 00:00:00,GAZP,3716600964.1,141.22,140.1,143.2,142.99
2015-08-11 00:00:00,GAZP,4676629747.9,141.5,141.05,143.3,141.97
2015-08-10 00:00:00,GAZP,5811512354.6,141.25,138,141.6,141.5
2015-08-07 00:00:00,GAZP,2950119926,141.01,140.5,142.2,141.34
2015-08-06 00:00:00,GAZP,5107691812.8,143.01,140.23,143.74,140.88
2015-08-05 00:00:00,GAZP,3656094298.2,142.24,140.75,143.95,143.78
2015-08-04 00:00:00,GAZP,3761575111,141.1,140.15,142.75,141.89
2015-08-03 00:00:00,GAZP,3717654081.1,142,139.9,143.15,141.45
2015-07-31 00:00:00,GAZP,4393616782.8,139.4,137.85,142.6,142.5
2015-07-30 00:00:00,GAZP,3360786537.5,138.5,138.04,140.44,139.8
2015-07-29 00:00:00,GAZP,3625126974.5,135.38,134.35,138.7,138.7
2015-07-28 00:00:00,GAZP,3969419783,134.5,132.77,136.36,135.05
2015-07-27 00:00:00,GAZP,4251445441.3,136.1,133.13,136.37,134.51
2015-07-24 00:00:00,GAZP,4196389494.8,138.1,135.85,138.34,136.41
2015-07-23 00:00:00,GAZP,2857673879.8,140.55,138.32,140.8,138.37
2015-07-22 00:00:00,GAZP,3906069809.9,140.7,138.71,141.01,140.8
2015-07-21 00:00:00,GAZP,3186707446.8,141.5,139.96,142.45,141.41
2015-07-20 00:00:00,GAZP,2821330251.9,143.9,140.5,144.2,141.78
2015-07-17 00:00:00,GAZP,3054717235.8,143.66,143.4,145.64,143.6
2015-07-16 00:00:00,GAZP,2206229015.5,142.51,142.01,144.2,144.2
2015-07-15 00:00:00,GAZP,4132232883.3,141.5,141,143.38,142.7
2015-07-14 00:00:00,GAZP,3912455947.5,145.3,144.16,146.5,146.5
2015-07-13 00:00:00,GAZP,3438216522.9,143.7,143.4,145.35,145.27
2015-07-10 00:00:00,GAZP,2877713219.7,144,143.5,144.7,143.9
2015-07-09 00:00:00,GAZP,3216256340.4,141.9,141.37,143.85,143.77
2015-07-08 00:00:00,GAZP,4072715962.9,142.45,139.55,142.94,141.5
2015-07-07 00:00:00,GAZP,4149435590.3,142.77,142.03,144.86,142.5
2015-07-06 00:00:00,GAZP,2688407011.2,143.51,141.25,144.06,143
2015-07-03 00:00:00,GAZP,1687187627.3,145.96,144,146.05,144.33
2015-07-02 00:00:00,GAZP,2339617759.3,145.51,144.8,146.9,145.8
2015-07-01 00:00:00,GAZP,2363177889.8,145.7,144.68,146.95,145.5
2015-06-30 00:00:00,GAZP,3826292579.1,143.5,142.25,145.95,145.85
2015-06-29 00:00:00,GAZP,2231189520.9,143.69,142.51,144.5,143.59
2015-06-26 00:00:00,GAZP,2424397616.8,143.7,142.61,145.49,145.18
2015-06-25 00:00:00,GAZP,3139602399.4,146.28,143.7,147.66,143.7
2015-06-24 00:00:00,GAZP,2700557955.1,146.7,145.83,148.11,146.68
2015-06-23 00:00:00,GAZP,3769499134.2,148.75,145.82,149.39,146.25
2015-06-22 00:00:00,GAZP,2899843374.3,147.74,146.91,149.2,148.5
2015-06-19 00:00:00,GAZP,3886042657.8,147.2,146.33,148.7,147.15
2015-06-18 00:00:00,GAZP,3967540738.8,147.9,146.2,149.17,147.15
2015-06-17 00:00:00,GAZP,3598427621.8,146.31,145.56,148.48,147.6
2015-06-16 00:00:00,GAZP,3321818912,144.95,144.87,147.15,146
2015-06-15 00:00:00,GAZP,4449705718.9,144.5,142.35,145.8,144.95
2015-06-11 00:00:00,GAZP,2717691978.6,146,144.05,146,145.4
2015-06-10 00:00:00,GAZP,4092715761.8,146.44,145.31,147.7,145.6
2015-06-09 00:00:00,GAZP,3603057523.8,142.99,141.8,146.4,146.17
2015-06-08 00:00:00,GAZP,3271222517.3,142.55,141.5,144.49,142.66
2015-06-05 00:00:00,GAZP,3782614895.9,140.38,139.4,142.52,142.4
2015-06-04 00:00:00,GAZP,3969676427.6,140.95,139.3,142.39,140.2
2015-06-03 00:00:00,GAZP,5814133812.2,141,138.8,144,140.71
2015-06-02 00:00:00,GAZP,5075582970.4,139.89,138.23,141.75,140.75
2015-06-01 00:00:00,GAZP,4332052874.3,140.13,139.25,141.79,139.4
2015-05-29 00:00:00,GAZP,8071211634.7,146.3,139,148.9,139
2015-05-28 00:00:00,GAZP,4015596028,147.61,146.11,149.5,146.11
2015-05-27 00:00:00,GAZP,4070221330,145.58,144.19,147.7,147.66
2015-05-26 00:00:00,GAZP,3284126734.6,147.3,144.87,147.85,145.25
2015-05-25 00:00:00,GAZP,2370018286.9,148.76,145.22,148.8,146.69
2015-05-22 00:00:00,GAZP,3301134068.2,147.19,146.95,149.85,148.8
2015-05-21 00:00:00,GAZP,3380079091.6,146.35,144.45,148.28,147.16
2015-05-20 00:00:00,GAZP,3023157688.4,150,146,150,146.35
2015-05-19 00:00:00,GAZP,3767297467.9,151.71,148.62,152.4,149.85
2015-05-18 00:00:00,GAZP,2710789291.4,153.01,151.64,154.28,151.9
2015-05-15 00:00:00,GAZP,3143583796.8,152.49,151.5,154.1,152.98
2015-05-14 00:00:00,GAZP,2979519042.2,151.78,151.05,153.68,151.8
2015-05-13 00:00:00,GAZP,3636747207,154.3,151.6,154.5,151.74
2015-05-12 00:00:00,GAZP,5428235345.3,155.51,152.1,157,154.2
2015-05-08 00:00:00,GAZP,3437637877.2,152,151.7,155.65,155.52
2015-05-07 00:00:00,GAZP,4450190850.2,154.52,150.81,154.59,152.1
2015-05-06 00:00:00,GAZP,4618118792.2,156.35,153.3,156.39,155.25
2015-05-05 00:00:00,GAZP,5255936696.9,154.52,153.32,158.7,156.33
2015-04-30 00:00:00,GAZP,4389882696.8,152.54,151.06,154.2,153.5
2015-04-29 00:00:00,GAZP,4934823358.6,152.8,151.75,154.99,152.5
2015-04-28 00:00:00,GAZP,3927374609.9,151.77,149.7,153.14,152.79
2015-04-27 00:00:00,GAZP,3385601578.1,153.98,152.05,155.18,152.05
2015-04-24 00:00:00,GAZP,5459393569.8,150,149.67,154.14,153.89
2015-04-23 00:00:00,GAZP,5884340268.2,151,146.62,151,150.15
2015-04-22 00:00:00,GAZP,5711334818,155.22,150.08,155.27,150.8
2015-04-21 00:00:00,GAZP,4556912419.2,153.5,153.47,156.2,155.35
2015-04-20 00:00:00,GAZP,6180574229.2,150,148.73,154.7,153.96
2015-04-17 00:00:00,GAZP,8658398014.6,152.41,149.3,153.55,149.3
2015-04-16 00:00:00,GAZP,6457450523.4,150.62,149.12,152.87,152.4
2015-04-15 00:00:00,GAZP,5714303773.2,144.49,144.25,150.1,150.1
2015-04-14 00:00:00,GAZP,5822086608.2,148.13,143.9,148.4,144.4
2015-04-13 00:00:00,GAZP,5202649424.5,148.06,146.3,150,148.8
2015-04-10 00:00:00,GAZP,8264681068.7,148.17,147,151.9,148
2015-04-09 00:00:00,GAZP,9920515901.4,147,143.72,148.74,148.1
2015-04-08 00:00:00,GAZP,4550921345,145.83,145.13,147.3,147.27
2015-04-07 00:00:00,GAZP,5565551131.8,145.4,144.8,147.35,146.2
2015-04-06 00:00:00,GAZP,3385195180.1,144,143.36,145.7,145.7
2015-04-03 00:00:00,GAZP,2689036654,144,143.02,145.65,143.94
2015-04-02 00:00:00,GAZP,5052217982.1,143.83,142.32,144.88,143.9
2015-04-01 00:00:00,GAZP,6607237565.7,138.45,137.57,143.2,143
2015-03-31 00:00:00,GAZP,4800950525.7,136.85,136.6,139.19,138.9
2015-03-30 00:00:00,GAZP,3627201336.5,134.5,134.24,137.88,137
2015-03-27 00:00:00,GAZP,4344533290.3,132.67,132.2,134.98,134.88
2015-03-26 00:00:00,GAZP,5036008855.4,136,131.7,136.69,132.2
2015-03-25 00:00:00,GAZP,3988047505.9,137.22,133.81,138.33,134.9
2015-03-24 00:00:00,GAZP,4207507845.2,134.05,133.41,138.14,137.15
2015-03-23 00:00:00,GAZP,4081290542.5,137.01,133.43,137.57,134.61
2015-03-20 00:00:00,GAZP,7674697790.7,137.68,134.51,138.59,136
2015-03-19 00:00:00,GAZP,5745493219.3,141.11,136.8,142.62,136.81
2015-03-18 00:00:00,GAZP,3534537790.4,140.1,138.7,141.45,140.25
2015-03-17 00:00:00,GAZP,3805157798.8,140.67,138.55,141.63,139.7
2015-03-16 00:00:00,GAZP,5177841101.5,141.06,139.75,142.89,139.75
2015-03-13 00:00:00,GAZP,4690738032.6,145.03,141.14,146.12,141.8
2015-03-12 00:00:00,GAZP,3887606730.6,147,144.7,147.47,144.7
2015-03-11 00:00:00,GAZP,5555836934.8,148.05,145.95,149.6,145.99
2015-03-10 00:00:00,GAZP,5254852951.7,151.31,148.05,151.7,148.05
2015-03-06 00:00:00,GAZP,4174269753.3,155.47,151.47,156.13,152.12
2015-03-05 00:00:00,GAZP,6798340029.8,154.89,152.63,157.75,154.8
2015-03-04 00:00:00,GAZP,5013864178.8,159,153.82,160.14,154
2015-03-03 00:00:00,GAZP,7448819008.7,155.3,153.5,160.6,159
2015-03-02 00:00:00,GAZP,4324642084.4,152.5,152.5,155.83,155.5
2015-02-27 00:00:00,GAZP,5547823742.3,151.48,149.76,153.4,152.95
2015-02-26 00:00:00,GAZP,7360603358.5,151.08,149.1,153.77,151.65
2015-02-25 00:00:00,GAZP,6271076078.8,154.99,149.22,155.15,150.7
2015-02-24 00:00:00,GAZP,4442788644.3,154.82,152.82,155.75,154.99
2015-02-20 00:00:00,GAZP,5156745625.5,161.5,156.61,162.39,158
2015-02-19 00:00:00,GAZP,8178546038.2,163,157.07,165.44,160.9
2015-02-18 00:00:00,GAZP,9012348159.8,160.62,160.4,166.94,163
2015-02-17 00:00:00,GAZP,9568047974.6,160,156.3,164.2,159.2
2015-02-16 00:00:00,GAZP,4771299892.1,162.4,158.2,163.44,160.19
2015-02-13 00:00:00,GAZP,14426411895.5,158.2,158.16,162.75,162.4
2015-02-12 00:00:00,GAZP,14081157890.5,152.5,149.5,157.98,157.7
2015-02-11 00:00:00,GAZP,6359214344.6,150.31,149.88,153.83,150.55
2015-02-10 00:00:00,GAZP,4689759596.5,148.56,148.07,151.9,149.31
2015-02-09 00:00:00,GAZP,7912529270.2,151.78,147.7,153.95,149.3
2015-02-06 00:00:00,GAZP,8144111498.4,148,147.13,152.2,151.6
2015-02-05 00:00:00,GAZP,6701264656.7,141.99,140.34,147.74,147.6
2015-02-04 00:00:00,GAZP,4179685138.4,141.2,139.43,143.8,142.6
2015-02-03 00:00:00,GAZP,5738005840.4,139.2,138.25,142.3,140.35
2015-02-02 00:00:00,GAZP,8302824853.4,144.7,137.43,145.2,138.18
2015-01-30 00:00:00,GAZP,5884995954.4,145.75,142.13,146.82,143.82
2015-01-29 00:00:00,GAZP,4913030827,147.14,144.49,149.2,145
2015-01-28 00:00:00,GAZP,5230959684.3,151.4,147.5,154.47,147.7
2015-01-27 00:00:00,GAZP,5679494834.3,146.51,146.11,152.45,150.9
2015-01-26 00:00:00,GAZP,4272002215.2,151.93,146.75,152.46,148
2015-01-23 00:00:00,GAZP,5672259037.8,152.44,150.36,152.93,152.83
2015-01-22 00:00:00,GAZP,8449287410.7,149,148.65,152.69,151.5
2015-01-21 00:00:00,GAZP,4413114219.8,146.9,145.92,149.51,148.8
2015-01-20 00:00:00,GAZP,4844605767.9,148.2,145.72,149.72,145.75
2015-01-19 00:00:00,GAZP,8077682513.9,149.55,147.59,152.83,148.11
2015-01-16 00:00:00,GAZP,4847186139.8,146,145.5,150.2,149.6
2015-01-15 00:00:00,GAZP,4854328887,147.51,145.5,149.89,147
2015-01-14 00:00:00,GAZP,5487005960.8,142,141.99,147.5,146.3
2015-01-13 00:00:00,GAZP,4675903439.3,140.01,139,143.81,142.64
2015-01-12 00:00:00,GAZP,3577341320.7,141.34,139.72,143.44,140.22
2015-01-09 00:00:00,GAZP,4203772914.7,146.48,139.9,147.08,141.7
2015-01-08 00:00:00,GAZP,4739748701.9,140.05,140,147.5,146.46
2015-01-06 00:00:00,GAZP,3451541875,133,132.71,138.92,138.92
2015-01-05 00:00:00,GAZP,2410730975.5,129.5,129.15,133.95,133.95
2014-12-30 00:00:00,GAZP,3258518278.7,134.5,129.74,134.79,130.31
2014-12-29 00:00:00,GAZP,3857164086.7,134.8,133.08,139.43,135.5
2014-12-26 00:00:00,GAZP,1805417063.8,135.2,134.51,136.28,134.6
2014-12-25 00:00:00,GAZP,1498275076.3,133.43,133.1,135.12,134.8
2014-12-24 00:00:00,GAZP,2333337497.1,133.4,132.66,135.25,134.28
2014-12-23 00:00:00,GAZP,4264797499.1,136.8,132.51,137.77,133.4
2014-12-22 00:00:00,GAZP,6681845155.9,138.92,135.7,140,136.49
2014-12-19 00:00:00,GAZP,5944609520.4,137.15,131.3,139,138.7
2014-12-18 00:00:00,GAZP,9066529597.9,132.36,132,139.7,137
2014-12-17 00:00:00,GAZP,11246151806.4,130.05,125.25,139.96,131
2014-12-16 00:00:00,GAZP,12940871887.4,129.5,113.73,134.21,131.4
2014-12-15 00:00:00,GAZP,8488431007.9,135.19,127.55,135.87,130.29
2014-12-12 00:00:00,GAZP,5484968254.9,133.17,130.51,137.53,134.49
2014-12-11 00:00:00,GAZP,4944440965.2,136,133.6,136.9,134.01
2014-12-10 00:00:00,GAZP,4726652459.6,135.91,135.67,139.3,136.09
2014-12-09 00:00:00,GAZP,4422270551.5,135.15,133.54,136.83,135.24
2014-12-08 00:00:00,GAZP,7049702300,141.23,134.02,142.76,135.05
2014-12-05 00:00:00,GAZP,4810765435.7,144.5,140.5,144.91,140.5
2014-12-04 00:00:00,GAZP,7486957367.9,146.5,144.5,147.95,144.5
2014-12-03 00:00:00,GAZP,7048084179.9,145.53,144.42,146.4,146.23
2014-12-02 00:00:00,GAZP,6481392809.7,144.41,143.55,146.41,144.91
2014-12-01 00:00:00,GAZP,10783455129.2,142.4,142.37,146.12,144.1
2014-11-28 00:00:00,GAZP,6254217126.9,143,142,144.2,142.86
2014-11-27 00:00:00,GAZP,6431856824.4,145.33,143.12,145.89,143.19
2014-11-26 00:00:00,GAZP,3999680716.1,144,143.68,145.5,145.5
2014-11-25 00:00:00,GAZP,3691973028.6,144.5,143.59,145.39,144.13
2014-11-24 00:00:00,GAZP,4276581273.5,145.76,143.82,146,144.7
2014-11-21 00:00:00,GAZP,4949911809.3,144.51,143.61,145.99,145.01
2014-11-20 00:00:00,GAZP,4582322287.3,144.22,143.22,145.11,144.48
2014-11-19 00:00:00,GAZP,2908010462.1,143.21,142.67,144.38,143.98
2014-11-18 00:00:00,GAZP,4308641777,143.1,141.53,144.01,143.2
2014-11-17 00:00:00,GAZP,3066044183.3,142.47,141.91,143.48,142.67
2014-11-14 00:00:00,GAZP,4971456441.6,141.5,141,143.35,142.49
2014-11-13 00:00:00,GAZP,4885752510,143.7,141.51,144.45,141.84
2014-11-12 00:00:00,GAZP,4553731581.4,144.14,143,145.6,143.57
2014-11-11 00:00:00,GAZP,5864693999.3,145,143.01,145.69,143.71
2014-11-10 00:00:00,GAZP,4649038287.7,145.45,144.35,146.46,145.22
2014-11-07 00:00:00,GAZP,12732566799,143.5,142.73,147,144.5
2014-11-06 00:00:00,GAZP,8066683667.6,143.35,143.05,146.25,144.1
2014-11-05 00:00:00,GAZP,6712207393.2,143.01,141.11,143.82,143.2
2014-11-03 00:00:00,GAZP,2806437113.9,141,140.26,144,143.39
2014-10-31 00:00:00,GAZP,10113564234.6,140.5,139.49,141.5,141.5
2014-10-30 00:00:00,GAZP,7589500301.4,138.09,137.62,139.9,139.5
2014-10-29 00:00:00,GAZP,6594814220.5,136.21,135.67,139,138.5
2014-10-28 00:00:00,GAZP,3782634259.9,134.62,134.1,136.14,135.75
2014-10-27 00:00:00,GAZP,4263702983.1,135,133.5,136.05,134.07
2014-10-24 00:00:00,GAZP,3246171800.7,133.5,132.35,134.3,133.99
2014-10-23 00:00:00,GAZP,4808424492.9,132.51,131.42,134.15,133.5
2014-10-22 00:00:00,GAZP,4329093979.6,134.51,132.25,134.66,133.5
2014-10-21 00:00:00,GAZP,3333233335.3,134,132.94,134.95,134
2014-10-20 00:00:00,GAZP,4320487086.2,135.2,133.14,136.18,134.1
2014-10-17 00:00:00,GAZP,4043868027.2,133.5,133.01,135.4,134.6
2014-10-16 00:00:00,GAZP,6426483004.3,135,131.93,135.59,132.41
2014-10-15 00:00:00,GAZP,4370181956.4,134.9,134.25,136.48,134.5
2014-10-14 00:00:00,GAZP,4847741560.8,135.3,134.51,136.92,135.5
2014-10-13 00:00:00,GAZP,4175994087.1,133,132.32,136.4,135.25
2014-10-10 00:00:00,GAZP,5677475679.9,134.3,132.09,134.6,133.21
2014-10-09 00:00:00,GAZP,5134300338.5,136.2,134.55,137.26,135.64
2014-10-08 00:00:00,GAZP,4684094079.7,136.19,134.61,137,134.61
2014-10-07 00:00:00,GAZP,3979566524.8,139.01,136.8,139.5,137.1
2014-10-06 00:00:00,GAZP,5717171331.5,136.61,136.61,139.63,138.9
2014-10-03 00:00:00,GAZP,4388627906.9,134.97,134.87,138.07,135.8
2014-10-02 00:00:00,GAZP,5717475752,136.8,133.7,137.44,134.25
2014-10-01 00:00:00,GAZP,5174974593.3,137.5,137.12,139.86,137.26
2014-09-30 00:00:00,GAZP,6905059785.2,136.27,135.14,139.13,137.9
2014-09-29 00:00:00,GAZP,5067872051,138,135,138.57,135.77
2014-09-26 00:00:00,GAZP,4778087287.7,136.51,135.71,137.95,137.11
2014-09-25 00:00:00,GAZP,4350884089.8,138.28,136.52,138.96,136.92
2014-09-24 00:00:00,GAZP,4450427006.6,136.99,136.88,138.65,137.8
2014-09-23 00:00:00,GAZP,3971163511,135.55,135.47,137.2,136.5
2014-09-22 00:00:00,GAZP,3701730028.5,135.76,134.6,136.83,135.05
2014-09-19 00:00:00,GAZP,6151334689.3,138,134.48,138,135.99
2014-09-18 00:00:00,GAZP,4024999407.9,137.25,136.51,138.4,138.2
2014-09-17 00:00:00,GAZP,5456884601.4,138.5,136.05,139.34,137
2014-09-16 00:00:00,GAZP,5576171161.8,136.01,135.26,139.58,138.56
2014-09-15 00:00:00,GAZP,5545696158,137.26,135.35,138.12,136
2014-09-12 00:00:00,GAZP,4808871662.2,136.5,136,138.56,137.56
2014-09-11 00:00:00,GAZP,4768604028.4,139.69,136.51,140.28,136.65
2014-09-10 00:00:00,GAZP,2835967889.2,138.39,137.62,139.4,139.2
2014-09-09 00:00:00,GAZP,3719342102,139.29,138.86,140.82,139.02
2014-09-08 00:00:00,GAZP,4349613611.1,138.79,136.87,139.38,139
2014-09-05 00:00:00,GAZP,5172057768.9,137.28,136.36,140.13,139
2014-09-04 00:00:00,GAZP,5974666515.2,138.3,136.8,139.29,138.15
2014-09-03 00:00:00,GAZP,8868576725.8,133.42,133.33,139.63,138.26
2014-09-02 00:00:00,GAZP,3381374723.8,132.68,131.34,133.32,133.32
2014-09-01 00:00:00,GAZP,5530810751.5,132.71,131,134.75,132.32
2014-08-29 00:00:00,GAZP,4749572569.8,133.5,131.81,134.17,131.95
2014-08-28 00:00:00,GAZP,6352776119.9,135.51,131.94,135.74,133.8
2014-08-27 00:00:00,GAZP,3397133661.4,135.9,135.12,136.67,135.51
2014-08-26 00:00:00,GAZP,3691233173.1,136.19,134.71,136.99,135
2014-08-25 00:00:00,GAZP,2261117318.6,135.06,135,136.46,136.09
2014-08-22 00:00:00,GAZP,5169448385.9,136.56,134,137.2,135
2014-08-21 00:00:00,GAZP,4764128532,136.51,135.55,137.69,136.49
2014-08-20 00:00:00,GAZP,3050935774.3,136.2,135.16,136.8,136.7
2014-08-19 00:00:00,GAZP,5236730805.7,134.29,134.28,136.4,136.2
2014-08-18 00:00:00,GAZP,3819335867.5,132.82,132.11,134.4,134.29
2014-08-15 00:00:00,GAZP,5645222591.1,131.02,130.62,133.47,132.67
2014-08-14 00:00:00,GAZP,5702388599.6,131.2,130.34,132.49,131.41
2014-08-13 00:00:00,GAZP,7484888814.2,127.8,127.7,131.84,131
2014-08-12 00:00:00,GAZP,4899509934,128.95,127.24,129.95,128
2014-08-11 00:00:00,GAZP,5563041254.1,128.01,127.84,130.45,128.3
2014-08-08 00:00:00,GAZP,7208992963.7,126.48,126.33,129.37,126.55
2014-08-07 00:00:00,GAZP,8035675333.8,124.02,122.79,128.77,126.92
2014-08-06 00:00:00,GAZP,8516305360.6,126.11,123.23,126.5,124.7
2014-08-05 00:00:00,GAZP,5927059510.1,129.99,126.28,130.1,126.57
2014-08-04 00:00:00,GAZP,5800246719.4,132,128.25,132.79,129.5
2014-08-01 00:00:00,GAZP,4164787329.3,130.95,130.21,131.99,131.5
2014-07-31 00:00:00,GAZP,5473031665.5,134.12,131.21,135,132
2014-07-30 00:00:00,GAZP,5699315652.3,130.47,130.1,135.41,133.4
2014-07-29 00:00:00,GAZP,4871728490.2,132.08,130.55,133.73,131.31
2014-07-28 00:00:00,GAZP,5948981163.4,134.54,130.9,134.73,132
2014-07-25 00:00:00,GAZP,4798740012.8,136.5,134.22,136.83,135.12
2014-07-24 00:00:00,GAZP,3183710555.3,136,135.15,137.36,136.9
2014-07-23 00:00:00,GAZP,4890084830.5,138.2,135.2,139,136.29
2014-07-22 00:00:00,GAZP,4887545802.1,136.82,136.05,138.87,137.75
2014-07-21 00:00:00,GAZP,6390851583.4,140.3,135.2,140.44,136.01
2014-07-18 00:00:00,GAZP,7358496662.9,138,136.5,139.41,139.26
2014-07-17 00:00:00,GAZP,8583925881.7,140.23,138.23,141,140
2014-07-16 00:00:00,GAZP,7927024503.9,140.35,140.1,143.1,142.5
2014-07-15 00:00:00,GAZP,8138996571.9,147.8,146.52,148.37,146.52
2014-07-14 00:00:00,GAZP,5667338940.6,148.42,146.51,148.8,147.5
2014-07-11 00:00:00,GAZP,5330962084.1,148.85,146.91,149.25,148.15
2014-07-10 00:00:00,GAZP,8759399278.7,150.8,147.1,151.52,148.79
2014-07-09 00:00:00,GAZP,6635952229.4,151.11,149.01,151.77,150.4
2014-07-08 00:00:00,GAZP,7613322488.2,150.53,150.52,153.53,151.43
2014-07-07 00:00:00,GAZP,5162092985.1,149.1,149.09,151.4,150.31
2014-07-04 00:00:00,GAZP,5775204168.7,153,148.25,153.09,149.13
2014-07-03 00:00:00,GAZP,7465358592,152,151.41,153.66,152.3
2014-07-02 00:00:00,GAZP,7341929045.5,149.09,148.9,151.95,151.95
2014-07-01 00:00:00,GAZP,5787329103.9,148.51,146.65,149.5,148.97
2014-06-30 00:00:00,GAZP,5186346628.8,149.81,146.58,150.18,148.96
2014-06-27 00:00:00,GAZP,5138975884.3,148,147.22,149.88,149.39
2014-06-26 00:00:00,GAZP,7863811096.6,149.63,147.02,150.44,147.44
2014-06-25 00:00:00,GAZP,9973343107.4,152.48,149.01,154.21,149.26
2014-06-24 00:00:00,GAZP,13200142387.4,147.65,147.56,153.42,153.25
2014-06-23 00:00:00,GAZP,4963198922.4,146.2,145.07,147.27,147.17
2014-06-20 00:00:00,GAZP,4907720591.4,145.05,144.28,145.88,145.6
2014-06-19 00:00:00,GAZP,6552395455.3,146.4,145.04,147.69,145.2
2014-06-18 00:00:00,GAZP,4832639667.8,144.79,144.43,146.19,145
2014-06-17 00:00:00,GAZP,6436430233,145.3,143.72,146.37,144.77
2014-06-16 00:00:00,GAZP,11134531747.3,144,142.58,145.27,145.2
2014-06-11 00:00:00,GAZP,5725373472.1,145.2,143.9,146.4,146.4
2014-06-10 00:00:00,GAZP,5956066807.8,144.31,142.67,144.76,144.75
2014-06-09 00:00:00,GAZP,5851238809.2,144,143.03,146.2,144.4
